0,0.01,0.015,0.02,0.025,0.03,0.035,0.04,0.045,0.05,0.055,0.06,0.065,0.07,0.075,0.08,0.085,0.09,0.095,0.1,0.105,0.11,0.115,0.12,0.125,0.13,0.135,0.14,0.145,0.15,0.155,0.16,0.165,0.17,0.175,0.18,0.185,0.19,0.195,0.2,0.205,0.21,0.215,0.22,0.225,0.23,0.235,0.24,0.245,0.25,0.255,0.26,0.265,0.27,0.275,0.28,0.285,0.29,0.295,0.3,0.305,0.31,0.315,0.32,0.325,0.33,0.335,0.34,0.345,0.35,0.355,0.36,0.365,0.37,0.375,0.38,0.385,0.39,0.395,0.4,0.405,0.41,0.415,0.42,0.425,0.43,0.435,0.44,0.445,0.45,0.455,0.46,0.465,0.47,0.475,0.48,0.485,0.49,0.495,0.5
-1,2.4981,2.5491,2.602,2.6568,2.714,2.7735,2.8356,2.9005,2.9684,3.0395,3.114,3.1922,3.2745,3.3611,3.4523,3.5485,3.6502,3.7577,3.8717,3.9926,4.121,4.2577,4.4034,4.559,4.7255,4.9039,5.0955,5.3017,5.5241,5.7647,6.0256,6.3093,6.6189,6.9577,7.3299,7.7405,8.1956,8.7023,9.2697,9.9087,10.633,11.459,12.408,13.505,14.781,15,15,15,15,15,15,15,15,15,15,15,15,15,15,15,15,15,15,15,15,15,15,15,15,15,15,15,15,15,15,15,15,15,15,15,15,15,15,15,15,15,15,15,15,15,15,15,15,15,15,15,15,15,15
-0.75,2.5595,2.6118,2.6661,2.7224,2.781,2.8421,2.9059,2.9726,3.0423,3.1153,3.1919,3.2723,3.3568,3.4458,3.5395,3.6385,3.743,3.8537,3.9709,4.0953,4.2275,4.3683,4.5184,4.6787,4.8503,5.0342,5.2319,5.4447,5.6744,5.923,6.1927,6.4863,6.8067,7.1578,7.5439,7.9702,8.4433,8.9707,9.5619,10.229,10.986,11.85,12.844,13.995,15,15,15,15,15,15,15,15,15,15,15,15,15,15,15,15,15,15,15,15,15,15,15,15,15,15,15,15,15,15,15,15,15,15,15,15,15,15,15,15,15,15,15,15,15,15,15,15,15,15,15,15,15,15,15
-0.5,2.6223,2.676,2.7317,2.7895,2.8497,2.9124,2.9779,3.0464,3.118,3.193,3.2716,3.3543,3.4411,3.5326,3.629,3.7307,3.8383,3.9521,4.0727,4.2007,4.3369,4.4818,4.6364,4.8016,4.9785,5.1682,5.3722,5.5919,5.8291,6.086,6.365,6.6687,7.0006,7.3646,7.7652,8.2081,8.6999,9.2491,9.8656,10.562,11.353,12.258,13.3,14.506,15,15,15,15,15,15,15,15,15,15,15,15,15,15,15,15,15,15,15,15,15,15,15,15,15,15,15,15,15,15,15,15,15,15,15,15,15,15,15,15,15,15,15,15,15,15,15,15,15,15,15,15,15,15,15
-0.25,2.6866,2.7417,2.7988,2.8582,2.92,2.9844,3.0517,3.1219,3.1955,3.2725,3.3534,3.4383,3.5276,3.6216,3.7207,3.8253,3.9359,4.053,4.1771,4.3089,4.4491,4.5984,4.7577,4.928,5.1103,5.306,5.5165,5.7433,5.9885,6.254,6.5426,6.857,7.2009,7.5783,7.9941,8.4543,8.9661,9.5381,10.181,10.908,11.736,12.683,13.775,15,15,15,15,15,15,15,15,15,15,15,15,15,15,15,15,15,15,15,15,15,15,15,15,15,15,15,15,15,15,15,15,15,15,15,15,15,15,15,15,15,15,15,15,15,15,15,15,15,15,15,15,15,15,15,15
0,2.7524,2.8089,2.8676,2.9285,2.992,3.0581,3.1272,3.1993,3.2749,3.3541,3.4371,3.5244,3.6161,3.7128,3.8147,3.9223,4.0361,4.1566,4.2843,4.42,4.5643,4.7181,4.8823,5.0578,5.2459,5.4478,5.665,5.8993,6.1526,6.4272,6.7258,7.0514,7.4078,7.7993,8.2311,8.7095,9.2422,9.8383,10.509,11.269,12.135,13.127,14.271,15,15,15,15,15,15,15,15,15,15,15,15,15,15,15,15,15,15,15,15,15,15,15,15,15,15,15,15,15,15,15,15,15,15,15,15,15,15,15,15,15,15,15,15,15,15,15,15,15,15,15,15,15,15,15,15
0.25,2.8197,2.8778,2.9379,3.0005,3.0657,3.1336,3.2045,3.2786,3.3562,3.4376,3.5229,3.6126,3.7069,3.8063,3.9111,4.0217,4.1388,4.2628,4.3943,4.534,4.6826,4.8411,5.0103,5.1912,5.3852,5.5936,5.8179,6.0599,6.3217,6.6057,6.9148,7.2521,7.6216,8.0278,8.4764,8.974,9.5286,10.15,10.851,11.645,12.551,13.59,14.788,15,15,15,15,15,15,15,15,15,15,15,15,15,15,15,15,15,15,15,15,15,15,15,15,15,15,15,15,15,15,15,15,15,15,15,15,15,15,15,15,15,15,15,15,15,15,15,15,15,15,15,15,15,15,15,15
0.5,2.8886,2.9482,3.01,3.0742,3.1411,3.2108,3.2837,3.3598,3.4395,3.5231,3.6108,3.703,3.7999,3.9021,4.0099,4.1237,4.2442,4.3718,4.5072,4.651,4.8041,4.9674,5.1418,5.3284,5.5286,5.7436,5.9752,6.2253,6.496,6.7899,7.1098,7.4593,7.8426,8.2643,8.7305,9.2482,9.826,10.474,11.206,12.036,12.984,14.073,15,15,15,15,15,15,15,15,15,15,15,15,15,15,15,15,15,15,15,15,15,15,15,15,15,15,15,15,15,15,15,15,15,15,15,15,15,15,15,15,15,15,15,15,15,15,15,15,15,15,15,15,15,15,15,15,15
0.75,2.9591,3.0203,3.0837,3.1496,3.2183,3.2899,3.3648,3.443,3.5249,3.6108,3.7009,3.7956,3.8953,4.0004,4.1112,4.2284,4.3523,4.4836,4.623,4.7712,4.9289,5.0972,5.277,5.4695,5.676,5.898,6.1372,6.3957,6.6757,6.9798,7.3112,7.6735,8.0711,8.5091,8.9938,9.5327,10.135,10.811,11.576,12.444,13.436,14.576,15,15,15,15,15,15,15,15,15,15,15,15,15,15,15,15,15,15,15,15,15,15,15,15,15,15,15,15,15,15,15,15,15,15,15,15,15,15,15,15,15,15,15,15,15,15,15,15,15,15,15,15,15,15,15,15,15
1,3.0312,3.0941,3.1592,3.2269,3.2974,3.371,3.4478,3.5282,3.6123,3.7006,3.7932,3.8906,3.9931,4.1011,4.2152,4.3357,4.4632,4.5984,4.742,4.8946,5.0571,5.2306,5.416,5.6145,5.8277,6.0569,6.3041,6.5713,6.8609,7.1757,7.5191,7.8948,8.3075,8.7626,9.2668,9.8279,10.456,11.162,11.961,12.869,13.908,15,15,15,15,15,15,15,15,15,15,15,15,15,15,15,15,15,15,15,15,15,15,15,15,15,15,15,15,15,15,15,15,15,15,15,15,15,15,15,15,15,15,15,15,15,15,15,15,15,15,15,15,15,15,15,15,15,15
1.25,3.1051,3.1696,3.2364,3.306,3.3784,3.4539,3.5329,3.6154,3.7019,3.7926,3.8878,3.9879,4.0934,4.2045,4.3218,4.4458,4.5771,4.7163,4.8641,5.0213,5.1888,5.3676,5.5588,5.7637,5.9838,6.2205,6.476,6.7523,7.052,7.378,7.7338,8.1236,8.5521,9.0251,9.5498,10.134,10.789,11.527,12.361,13.312,14.399,15,15,15,15,15,15,15,15,15,15,15,15,15,15,15,15,15,15,15,15,15,15,15,15,15,15,15,15,15,15,15,15,15,15,15,15,15,15,15,15,15,15,15,15,15,15,15,15,15,15,15,15,15,15,15,15,15,15
1.5,3.1807,3.2469,3.3155,3.3869,3.4613,3.5389,3.62,3.7048,3.7937,3.8869,3.9848,4.0877,4.1961,4.3104,4.4311,4.5588,4.6939,4.8372,4.9895,5.1515,5.3241,5.5085,5.7058,5.9172,6.1444,6.389,6.6531,6.9389,7.2491,7.5869,7.9558,8.3602,8.8053,9.2972,9.8433,10.453,11.136,11.906,12.779,13.773,14.911,15,15,15,15,15,15,15,15,15,15,15,15,15,15,15,15,15,15,15,15,15,15,15,15,15,15,15,15,15,15,15,15,15,15,15,15,15,15,15,15,15,15,15,15,15,15,15,15,15,15,15,15,15,15,15,15,15,15
1.75,3.2581,3.326,3.3965,3.4698,3.5462,3.6259,3.7092,3.7964,3.8877,3.9835,4.0842,4.19,4.3015,4.4191,4.5433,4.6747,4.8138,4.9614,5.1183,5.2852,5.4632,5.6534,5.8569,6.0752,6.3098,6.5626,6.8356,7.1314,7.4526,7.8025,8.1852,8.605,9.0675,9.5792,10.148,10.783,11.496,12.301,13.214,14.254,15,15,15,15,15,15,15,15,15,15,15,15,15,15,15,15,15,15,15,15,15,15,15,15,15,15,15,15,15,15,15,15,15,15,15,15,15,15,15,15,15,15,15,15,15,15,15,15,15,15,15,15,15,15,15,15,15,15,15
2,3.3373,3.4071,3.4795,3.5547,3.6332,3.7151,3.8007,3.8902,3.9841,4.0826,4.1861,4.2949,4.4096,4.5306,4.6584,4.7936,4.9369,5.0889,5.2506,5.4226,5.6062,5.8023,6.0124,6.2377,6.4801,6.7414,7.0238,7.3299,7.6626,8.0254,8.4224,8.8584,9.3392,9.8717,10.464,11.127,11.871,12.712,13.667,14.755,15,15,15,15,15,15,15,15,15,15,15,15,15,15,15,15,15,15,15,15,15,15,15,15,15,15,15,15,15,15,15,15,15,15,15,15,15,15,15,15,15,15,15,15,15,15,15,15,15,15,15,15,15,15,15,15,15,15,15
2.25,3.4184,3.49,3.5644,3.6417,3.7223,3.8064,3.8943,3.9864,4.0829,4.1841,4.2905,4.4025,4.5205,4.645,4.7765,4.9157,5.0633,5.2199,5.3865,5.5638,5.7531,5.9555,6.1723,6.4051,6.6555,6.9257,7.2179,7.5348,7.8795,8.2557,8.6677,9.1207,9.6207,10.175,10.793,11.484,12.261,13.14,14.138,15,15,15,15,15,15,15,15,15,15,15,15,15,15,15,15,15,15,15,15,15,15,15,15,15,15,15,15,15,15,15,15,15,15,15,15,15,15,15,15,15,15,15,15,15,15,15,15,15,15,15,15,15,15,15,15,15,15,15,15
2.5,3.5014,3.575,3.6513,3.7307,3.8135,3.8999,3.9903,4.0849,4.1841,4.2882,4.3976,4.5128,4.6342,4.7623,4.8977,5.0411,5.1931,5.3544,5.5261,5.709,5.9042,6.1131,6.3369,6.5774,6.8363,7.1157,7.4181,7.7462,8.1035,8.4938,8.9216,9.3924,9.9126,10.49,11.134,11.855,12.667,13.586,14.63,15,15,15,15,15,15,15,15,15,15,15,15,15,15,15,15,15,15,15,15,15,15,15,15,15,15,15,15,15,15,15,15,15,15,15,15,15,15,15,15,15,15,15,15,15,15,15,15,15,15,15,15,15,15,15,15,15,15,15,15
2.75,3.5864,3.6619,3.7403,3.8219,3.907,3.9958,4.0887,4.1859,4.2879,4.3949,4.5075,4.626,4.7509,4.8827,5.0221,5.1698,5.3263,5.4926,5.6696,5.8582,6.0597,6.2752,6.5064,6.7548,7.0225,7.3116,7.6246,7.9646,8.335,8.74,9.1844,9.6738,10.215,10.817,11.488,12.241,13.09,14.05,15,15,15,15,15,15,15,15,15,15,15,15,15,15,15,15,15,15,15,15,15,15,15,15,15,15,15,15,15,15,15,15,15,15,15,15,15,15,15,15,15,15,15,15,15,15,15,15,15,15,15,15,15,15,15,15,15,15,15,15,15
3,3.6734,3.751,3.8315,3.9153,4.0027,4.094,4.1894,4.2894,4.3942,4.5043,4.6201,4.742,4.8705,5.0063,5.1498,5.3019,5.4632,5.6346,5.8171,6.0116,6.2195,6.4421,6.6809,6.9377,7.2145,7.5136,7.8378,8.1901,8.5743,8.9947,9.4565,9.9655,10.529,11.156,11.857,12.643,13.529,14.533,15,15,15,15,15,15,15,15,15,15,15,15,15,15,15,15,15,15,15,15,15,15,15,15,15,15,15,15,15,15,15,15,15,15,15,15,15,15,15,15,15,15,15,15,15,15,15,15,15,15,15,15,15,15,15,15,15,15,15,15,15
3.25,3.7625,3.8422,3.9249,4.011,4.1008,4.1946,4.2927,4.3955,4.5033,4.6165,4.7356,4.8611,4.9934,5.1331,5.281,5.4376,5.6038,5.7805,5.9687,6.1694,6.384,6.6139,6.8606,7.1261,7.4124,7.722,8.0578,8.4231,8.8218,9.2584,9.7383,10.268,10.855,11.509,12.239,13.06,13.987,15,15,15,15,15,15,15,15,15,15,15,15,15,15,15,15,15,15,15,15,15,15,15,15,15,15,15,15,15,15,15,15,15,15,15,15,15,15,15,15,15,15,15,15,15,15,15,15,15,15,15,15,15,15,15,15,15,15,15,15,15,15
3.5,3.8537,3.9356,4.0205,4.109,4.2013,4.2977,4.3985,4.5042,4.6151,4.7316,4.8541,4.9832,5.1194,5.2633,5.4156,5.577,5.7483,5.9305,6.1246,6.3318,6.5533,6.7907,7.0457,7.3202,7.6165,7.9371,8.2851,8.6639,9.0777,9.5313,10.03,10.582,11.193,11.875,12.638,13.495,14.463,15,15,15,15,15,15,15,15,15,15,15,15,15,15,15,15,15,15,15,15,15,15,15,15,15,15,15,15,15,15,15,15,15,15,15,15,15,15,15,15,15,15,15,15,15,15,15,15,15,15,15,15,15,15,15,15,15,15,15,15,15,15
3.75,3.9472,4.0312,4.1185,4.2094,4.3043,4.4033,4.507,4.6157,4.7297,4.8496,4.9757,5.1085,5.2488,5.397,5.5538,5.7201,5.8968,6.0847,6.2849,6.4988,6.7275,6.9728,7.2364,7.5204,7.8271,8.1592,8.5199,8.9129,9.3425,9.8139,10.333,10.907,11.545,12.255,13.052,13.947,14.958,15,15,15,15,15,15,15,15,15,15,15,15,15,15,15,15,15,15,15,15,15,15,15,15,15,15,15,15,15,15,15,15,15,15,15,15,15,15,15,15,15,15,15,15,15,15,15,15,15,15,15,15,15,15,15,15,15,15,15,15,15,15
4,4.0428,4.1292,4.2189,4.3123,4.4098,4.5116,4.6183,4.73,4.8473,4.9706,5.1004,5.2372,5.3815,5.5342,5.6958,5.8673,6.0494,6.2432,6.4498,6.6706,6.9069,7.1604,7.433,7.7268,8.0444,8.3885,8.7625,9.1704,9.6166,10.107,10.647,11.245,11.909,12.651,13.482,14.417,15,15,15,15,15,15,15,15,15,15,15,15,15,15,15,15,15,15,15,15,15,15,15,15,15,15,15,15,15,15,15,15,15,15,15,15,15,15,15,15,15,15,15,15,15,15,15,15,15,15,15,15,15,15,15,15,15,15,15,15,15,15,15
4.25,4.1408,4.2295,4.3217,4.4177,4.5179,4.6226,4.7323,4.8472,4.9679,5.0948,5.2283,5.3692,5.5179,5.6751,5.8417,6.0184,6.2063,6.4062,6.6195,6.8475,7.0916,7.3537,7.6357,7.9398,8.2687,8.6253,9.0133,9.4367,9.9004,10.41,10.972,11.595,12.288,13.062,13.93,14.907,15,15,15,15,15,15,15,15,15,15,15,15,15,15,15,15,15,15,15,15,15,15,15,15,15,15,15,15,15,15,15,15,15,15,15,15,15,15,15,15,15,15,15,15,15,15,15,15,15,15,15,15,15,15,15,15,15,15,15,15,15,15,15
4.5,4.2412,4.3323,4.4271,4.5257,4.6287,4.7364,4.8492,4.9674,5.0916,5.2222,5.3597,5.5047,5.6579,5.8199,5.9916,6.1738,6.3676,6.5739,6.7941,7.0296,7.2819,7.5529,7.8447,8.1595,8.5003,8.8701,9.2727,9.7124,10.194,10.725,11.31,11.959,12.682,13.489,14.395,15,15,15,15,15,15,15,15,15,15,15,15,15,15,15,15,15,15,15,15,15,15,15,15,15,15,15,15,15,15,15,15,15,15,15,15,15,15,15,15,15,15,15,15,15,15,15,15,15,15,15,15,15,15,15,15,15,15,15,15,15,15,15,15
4.75,4.344,4.4377,4.535,4.6364,4.7423,4.8531,4.9691,5.0907,5.2185,5.3529,5.4945,5.6438,5.8016,5.9686,6.1456,6.3336,6.5335,6.7464,6.9739,7.2171,7.478,7.7583,8.0602,8.3863,8.7395,9.123,9.5409,9.9977,10.499,11.051,11.66,12.337,13.091,13.933,14.879,15,15,15,15,15,15,15,15,15,15,15,15,15,15,15,15,15,15,15,15,15,15,15,15,15,15,15,15,15,15,15,15,15,15,15,15,15,15,15,15,15,15,15,15,15,15,15,15,15,15,15,15,15,15,15,15,15,15,15,15,15,15,15,15
5,4.4493,4.5456,4.6456,4.7499,4.8588,4.9727,5.092,5.2172,5.3487,5.4871,5.6328,5.7867,5.9493,6.1214,6.3039,6.4978,6.7041,6.924,7.1589,7.4103,7.68,7.97,8.2826,8.6205,8.9866,9.3845,9.8185,10.293,10.814,11.389,12.024,12.729,13.516,14.395,15.382,16.494,17.748,19.166,20.769,22.584,24.635,26.947,29.547,32.459,35.71,39.324,43.327,47.748,52.618,57.968,63.835,70.261,77.29,80,80,80,80,80,80,80,80,80,80,80,80,80,80,80,80,80,80,80,80,80,80,80,80,80,80,80,80,80,80,80,80,80,80,80,80,80,80,80,80,80,80,80,80,80,80
5.25,4.5572,4.6562,4.759,4.8662,4.9782,5.0954,5.2181,5.3469,5.4823,5.6248,5.7749,5.9334,6.101,6.2785,6.4667,6.6667,6.8796,7.1067,7.3494,7.6093,7.8883,8.1885,8.5122,8.8623,9.242,9.655,10.106,10.599,11.142,11.74,12.402,13.137,13.957,14.875,15.905,17.065,18.373,19.85,21.519,23.404,25.53,27.922,30.605,33.604,36.944,40.649,44.746,49.264,54.232,59.685,65.659,72.195,79.341,80,80,80,80,80,80,80,80,80,80,80,80,80,80,80,80,80,80,80,80,80,80,80,80,80,80,80,80,80,80,80,80,80,80,80,80,80,80,80,80,80,80,80,80,80,80
5.5,4.6678,4.7695,4.8752,4.9855,5.1006,5.2212,5.3475,5.48,5.6194,5.7661,5.9208,6.0841,6.2569,6.4399,6.6341,6.8405,7.0603,7.2949,7.5457,7.8144,8.1031,8.4138,8.7492,9.1121,9.506,9.9348,10.403,10.916,11.481,12.104,12.793,13.56,14.416,15.374,16.449,17.658,19.021,20.559,22.294,24.251,26.453,28.925,31.692,34.777,38.205,42.002,46.193,50.806,55.874,61.429,67.509,74.157,80,80,80,80,80,80,80,80,80,80,80,80,80,80,80,80,80,80,80,80,80,80,80,80,80,80,80,80,80,80,80,80,80,80,80,80,80,80,80,80,80,80,80,80,80,80,80
5.75,4.7811,4.8856,4.9943,5.1077,5.2262,5.3502,5.4802,5.6167,5.7602,5.9113,6.0706,6.239,6.4171,6.6058,6.8062,7.0192,7.2463,7.4886,7.7479,8.0259,8.3246,8.6464,8.9939,9.3703,9.7791,10.224,10.711,11.245,11.832,12.481,13.2,14,14.893,15.892,17.013,18.273,19.693,21.293,23.096,25.125,27.404,29.956,32.806,35.978,39.494,43.382,47.666,52.375,57.541,63.199,69.386,76.146,80,80,80,80,80,80,80,80,80,80,80,80,80,80,80,80,80,80,80,80,80,80,80,80,80,80,80,80,80,80,80,80,80,80,80,80,80,80,80,80,80,80,80,80,80,80,79.998
6,4.8971,5.0046,5.1164,5.233,5.3549,5.4825,5.6163,5.7569,5.9046,6.0603,6.2245,6.3981,6.5817,6.7764,6.9832,7.2032,7.4377,7.6882,7.9563,8.2439,8.5531,8.8864,9.2467,9.6371,10.061,10.524,11.03,11.586,12.197,12.873,13.623,14.457,15.388,16.43,17.599,18.912,20.39,22.053,23.925,26.026,28.382,31.015,33.949,37.206,40.811,44.788,49.165,53.97,59.236,64.996,71.29,78.161,80,80,80,80,80,80,80,80,80,80,80,80,80,80,80,80,80,80,80,80,80,80,80,80,80,80,80,80,80,80,80,80,80,80,80,80,80,80,80,80,80,80,80,80,80,80,80
6.25,5.0161,5.1266,5.2416,5.3616,5.487,5.6183,5.7561,5.9008,6.053,6.2134,6.3827,6.5616,6.751,6.9519,7.1654,7.3925,7.6348,7.8938,8.1711,8.4687,8.7889,9.1344,9.5079,9.913,10.354,10.835,11.361,11.939,12.576,13.28,14.062,14.931,15.902,16.988,18.207,19.574,21.112,22.84,24.78,26.955,29.388,32.102,35.118,38.461,42.154,46.221,50.691,55.592,60.956,66.819,73.22,80,80,80,80,80,80,80,80,80,80,80,80,80,80,80,80,80,80,80,80,80,80,80,80,80,80,80,80,80,80,80,80,80,80,80,80,80,80,80,80,80,80,80,80,80,80,80,79.999
6.5,5.1381,5.2517,5.37,5.4934,5.6225,5.7577,5.8995,6.0485,6.2054,6.3707,6.5451,6.7297,6.9251,7.1324,7.3528,7.5875,7.8379,8.1057,8.3926,8.7007,9.0324,9.3904,9.7779,10.198,10.656,11.156,11.703,12.305,12.969,13.703,14.517,15.424,16.436,17.568,18.837,20.261,21.859,23.652,25.662,27.912,30.422,33.216,36.315,39.743,43.523,47.681,52.243,57.239,62.702,68.668,75.177,80,80,80,80,80,80,80,80,80,80,80,80,80,80,80,80,80,80,80,80,80,80,80,80,80,80,80,80,80,80,80,80,80,80,80,80,80,80,80,80,80,80,80,80,80,80,80,79.376
6.75,5.2631,5.38,5.5017,5.6287,5.7615,5.9007,6.0467,6.2002,6.3618,6.5322,6.7121,6.9025,7.1041,7.3182,7.5458,7.7883,8.0471,8.3241,8.621,8.94,9.2838,9.655,10.057,10.494,10.969,11.489,12.059,12.685,13.376,14.141,14.99,15.935,16.99,18.17,19.491,20.971,22.631,24.491,26.572,28.895,31.483,34.357,37.539,41.052,44.919,49.167,53.821,58.913,64.475,70.544,77.161,80,80,80,80,80,80,80,80,80,80,80,80,80,80,80,80,80,80,80,80,80,80,80,80,80,80,80,80,80,80,80,80,80,80,80,80,80,80,80,80,80,80,80,80,80,80,80,75.006
7,5.3913,5.5115,5.6367,5.7674,5.9042,6.0475,6.1979,6.3561,6.5226,6.6982,6.8838,7.0802,7.2883,7.5093,7.7444,7.995,8.2627,8.5493,8.8566,9.1871,9.5434,9.9284,10.346,10.799,11.294,11.834,12.427,13.079,13.799,14.596,15.481,16.466,17.565,18.793,20.168,21.707,23.429,25.356,27.508,29.906,32.572,35.526,38.79,42.387,46.342,50.678,55.425,60.612,66.273,72.446,79.171,80,80,80,80,80,80,80,80,80,80,80,80,80,80,80,80,80,80,80,80,80,80,80,80,80,80,80,80,80,80,80,80,80,80,80,80,80,80,80,80,80,80,80,80,80,80,80,73.675
7.25,5.5227,5.6464,5.7753,5.9098,6.0506,6.1982,6.3531,6.5161,6.6878,6.8689,7.0603,7.2629,7.4778,7.706,7.949,8.2081,8.485,8.7815,9.0998,9.4423,9.8116,10.211,10.644,11.115,11.629,12.192,12.809,13.488,14.238,15.068,15.991,17.017,18.162,19.44,20.869,22.467,24.253,26.248,28.471,30.944,33.687,36.721,40.067,43.749,47.79,52.216,57.055,62.337,68.098,74.374,80,80,80,80,80,80,80,80,80,80,80,80,80,80,80,80,80,80,80,80,80,80,80,80,80,80,80,80,80,80,80,80,80,80,80,80,80,80,80,80,80,80,80,80,80,80,80,80,79.921
7.5,5.6575,5.7848,5.9174,6.0559,6.2009,6.3529,6.5125,6.6805,6.8575,7.0443,7.2418,7.4509,7.6728,7.9086,8.1597,8.4277,8.7141,9.0211,9.3508,9.7057,10.089,10.503,10.953,11.443,11.977,12.562,13.204,13.912,14.693,15.559,16.519,17.588,18.78,20.109,21.594,23.253,25.103,27.166,29.461,32.009,34.829,37.942,41.371,45.136,49.264,53.779,58.71,64.088,69.948,76.328,80,80,80,80,80,80,80,80,80,80,80,80,80,80,80,80,80,80,80,80,80,80,80,80,80,80,80,80,80,80,80,80,80,80,80,80,80,80,80,80,80,80,80,80,80,80,80,80,74.839
7.75,5.7958,5.9267,6.0632,6.2058,6.3551,6.5117,6.6763,6.8494,7.032,7.2247,7.4285,7.6444,7.8736,8.1172,8.3769,8.654,8.9505,9.2684,9.61,9.9779,10.375,10.806,11.273,11.782,12.338,12.946,13.615,14.352,15.166,16.067,17.068,18.18,19.42,20.802,22.344,24.064,25.979,28.111,30.478,33.1,35.997,39.19,42.7,46.55,50.763,55.368,60.391,65.865,71.824,78.309,80,80,80,80,80,80,80,80,80,80,80,80,80,80,80,80,80,80,80,80,80,80,80,80,80,80,80,80,80,80,80,80,80,80,80,80,80,80,80,80,80,80,80,80,80,80,80,80,78.673
8,5.9376,6.0724,6.2129,6.3597,6.5135,6.6749,6.8445,7.0231,7.2113,7.4102,7.6205,7.8435,8.0803,8.3321,8.6006,8.8874,9.1943,9.5235,9.8776,10.259,10.672,11.119,11.604,12.133,12.711,13.345,14.041,14.808,15.656,16.594,17.636,18.794,20.083,21.519,23.119,24.9,26.882,29.082,31.521,34.218,37.192,40.464,44.055,47.989,52.288,56.982,62.097,67.667,73.726,80,80,80,80,80,80,80,80,80,80,80,80,80,80,80,80,80,80,80,80,80,80,80,80,80,80,80,80,80,80,80,80,80,80,80,80,80,80,80,80,80,80,80,80,80,80,80,80,80,69.388
8.25,6.083,6.2218,6.3665,6.5178,6.6762,6.8425,7.0174,7.2015,7.3957,7.601,7.8182,8.0485,8.2932,8.5536,8.8313,9.128,9.4459,9.787,10.154,10.55,10.978,11.442,11.947,12.497,13.098,13.758,14.482,15.281,16.164,17.141,18.225,19.43,20.769,22.26,23.918,25.762,27.81,30.08,32.591,35.362,38.413,41.764,45.436,49.453,53.839,58.621,63.828,69.494,75.654,80,80,80,80,80,80,80,80,80,80,80,80,80,80,80,80,80,80,80,80,80,80,80,80,80,80,80,80,80,80,80,80,80,80,80,80,80,80,80,80,80,80,80,80,80,80,80,80,80,72.429
8.5,6.2323,6.3752,6.5242,6.68,6.8433,7.0148,7.1951,7.385,7.5854,7.7973,8.0216,8.2596,8.5125,8.7818,9.0691,9.3763,9.7055,10.059,10.44,10.851,11.295,11.777,12.302,12.874,13.499,14.186,14.94,15.772,16.691,17.708,18.836,20.088,21.479,23.025,24.743,26.65,28.764,31.104,33.687,36.532,39.659,43.089,46.842,50.942,55.414,60.285,65.585,71.347,77.608,80,80,80,80,80,80,80,80,80,80,80,80,80,80,80,80,80,80,80,80,80,80,80,80,80,80,80,80,80,80,80,80,80,80,80,80,80,80,80,80,80,80,80,80,80,80,80,80,79.922,77.503
8.75,6.3855,6.5326,6.6861,6.8467,7.015,7.1918,7.3777,7.5737,7.7805,7.9993,8.231,8.4769,8.7384,9.017,9.3144,9.6325,9.9736,10.34,10.735,11.161,11.623,12.124,12.669,13.264,13.915,14.629,15.415,16.28,17.237,18.295,19.468,20.768,22.212,23.815,25.593,27.564,29.745,32.154,34.808,37.728,40.931,44.439,48.273,52.457,57.015,61.975,67.367,73.225,79.587,80,80,80,80,80,80,80,80,80,80,80,80,80,80,80,80,80,80,80,80,80,80,80,80,80,80,80,80,80,80,80,80,80,80,80,80,80,80,80,80,80,80,80,80,80,80,80,80,80,67.515
9,6.5427,6.6943,6.8524,7.0179,7.1914,7.3737,7.5655,7.7677,7.9813,8.2072,8.4467,8.7009,8.9713,9.2596,9.5674,9.897,10.25,10.631,11.04,11.483,11.962,12.483,13.05,13.669,14.346,15.089,15.907,16.808,17.803,18.903,20.122,21.472,22.97,24.63,26.469,28.503,30.751,33.229,35.956,38.949,42.229,45.815,49.73,53.996,58.64,63.689,69.174,75.129,80,80,80,80,80,80,80,80,80,80,80,80,80,80,80,80,80,80,80,80,80,80,80,80,80,80,80,80,80,80,80,80,80,80,80,80,80,80,80,80,80,80,80,80,80,80,80,80,80,80,78.393
9.25,6.7041,6.8603,7.0232,7.1938,7.3727,7.5607,7.7586,7.9674,8.1879,8.4213,8.6688,8.9316,9.2114,9.5097,9.8285,10.17,10.536,10.931,11.356,11.815,12.314,12.855,13.444,14.088,14.793,15.566,16.417,17.354,18.388,19.532,20.798,22.199,23.751,25.469,27.369,29.468,31.783,34.331,37.129,40.196,43.551,47.216,51.211,55.56,60.29,65.428,71.006,77.058,80,80,80,80,80,80,80,80,80,80,80,80,80,80,80,80,80,80,80,80,80,80,80,80,80,80,80,80,80,80,80,80,80,80,80,80,80,80,80,80,80,80,80,80,80,80,80,80,80,80,79.955
9.5,6.8698,7.0307,7.1987,7.3745,7.559,7.753,7.9573,8.1728,8.4006,8.6418,8.8976,9.1694,9.4589,9.7678,10.098,10.452,10.832,11.241,11.682,12.16,12.677,13.24,13.853,14.522,15.255,16.06,16.945,17.92,18.995,20.183,21.497,22.95,24.557,26.334,28.296,30.459,32.841,35.457,38.327,41.468,44.899,48.641,52.717,57.149,61.965,67.192,72.863,79.013,80,80,80,80,80,80,80,80,80,80,80,80,80,80,80,80,80,80,80,80,80,80,80,80,80,80,80,80,80,80,80,80,80,80,80,80,80,80,80,80,80,80,80,80,80,80,80,80,80,80,79.92
9.75,7.04,7.2058,7.3789,7.5603,7.7506,7.9508,8.1616,8.3842,8.6196,8.8688,9.1334,9.4146,9.7142,10.034,10.376,10.743,11.137,11.562,12.02,12.516,13.053,13.638,14.276,14.972,15.735,16.572,17.492,18.505,19.623,20.856,22.219,23.725,25.388,27.223,29.247,31.475,33.923,36.609,39.55,42.765,46.271,50.091,54.247,58.762,63.664,68.981,74.746,80,80,80,80,80,80,80,80,80,80,80,80,80,80,80,80,80,80,80,80,80,80,80,80,80,80,80,80,80,80,80,80,80,80,80,80,80,80,80,80,80,80,80,80,80,80,80,80,80,80,79.688,74.996
10,7.2148,7.3857,7.5642,7.7512,7.9476,8.1542,8.3719,8.6019,8.8451,9.1028,9.3764,9.6674,9.9776,10.309,10.664,11.044,11.453,11.893,12.369,12.884,13.443,14.051,14.714,15.438,16.232,17.102,18.058,19.111,20.272,21.552,22.964,24.523,26.243,28.137,30.223,32.516,35.032,37.787,40.799,44.086,47.668,51.566,55.802,60.4,65.388,70.795,76.653,80,80,80,80,80,80,80,80,80,80,80,80,80,80,80,80,80,80,80,80,80,80,80,80,80,80,80,80,80,80,80,80,80,80,80,80,80,80,80,80,80,80,80,80,80,80,80,80,80,80,80,66.226
10.25,7.3943,7.5705,7.7546,7.9475,8.1502,8.3635,8.5884,8.826,9.0773,9.3438,9.6269,9.9282,10.249,10.593,10.96,11.355,11.779,12.236,12.73,13.266,13.847,14.479,15.168,15.921,16.746,17.651,18.645,19.738,20.943,22.27,23.733,25.346,27.122,29.077,31.225,33.582,36.165,38.989,42.072,45.432,49.09,53.065,57.381,62.062,67.136,72.633,78.585,80,80,80,80,80,80,80,80,80,80,80,80,80,80,80,80,80,80,80,80,80,80,80,80,80,80,80,80,80,80,80,80,80,80,80,80,80,80,80,80,80,80,80,80,80,80,80,80,80,80,80,60.025
10.5,7.5788,7.7604,7.9503,8.1495,8.3587,8.5789,8.8113,9.0568,9.3167,9.5923,9.8853,10.197,10.53,10.886,11.267,11.676,12.116,12.591,13.104,13.66,14.264,14.921,15.638,16.421,17.278,18.219,19.251,20.387,21.636,23.011,24.526,26.193,28.026,30.041,32.251,34.673,37.323,40.215,43.369,46.803,50.535,54.588,58.984,63.748,68.909,74.496,80,80,80,80,80,80,80,80,80,80,80,80,80,80,80,80,80,80,80,80,80,80,80,80,80,80,80,80,80,80,80,80,80,80,80,80,80,80,80,80,80,80,80,80,80,80,80,80,80,80,80,80,79.921
10.75,7.7683,7.9557,8.1516,8.3571,8.5731,8.8007,9.0407,9.2945,9.5633,9.8485,10.152,10.475,10.819,11.188,11.583,12.008,12.465,12.958,13.491,14.069,14.697,15.38,16.125,16.939,17.83,18.806,19.878,21.056,22.351,23.776,25.342,27.064,28.955,31.03,33.303,35.789,38.505,41.467,44.691,48.197,52.005,56.135,60.611,65.459,70.706,76.384,80,80,80,80,80,80,80,80,80,80,80,80,80,80,80,80,80,80,80,80,80,80,80,80,80,80,80,80,80,80,80,80,80,80,80,80,80,80,80,80,80,80,80,80,80,80,80,80,80,80,80,80,54.7
11,7.9631,8.1565,8.3587,8.5708,8.7939,9.0289,9.2771,9.5395,9.8175,10.113,10.427,10.761,11.118,11.501,11.911,12.351,12.826,13.338,13.892,14.492,15.144,15.854,16.628,17.474,18.4,19.414,20.526,21.748,23.089,24.563,26.182,27.959,29.908,32.043,34.379,36.93,39.712,42.742,46.037,49.616,53.498,57.706,62.262,67.194,72.528,78.296,80,80,80,80,80,80,80,80,80,80,80,80,80,80,80,80,80,80,80,80,80,80,80,80,80,80,80,80,80,80,80,80,80,80,80,80,80,80,80,80,80,80,80,80,80,80,80,80,80,80,80,80,59.644
11.25,8.1634,8.3629,8.5716,8.7907,9.0211,9.264,9.5205,9.7919,10.08,10.385,10.71,11.057,11.427,11.824,12.249,12.706,13.199,13.731,14.306,14.93,15.608,16.345,17.15,18.028,18.989,20.042,21.196,22.462,23.85,25.375,27.046,28.879,30.886,33.081,35.479,38.095,40.943,44.042,47.407,51.058,55.016,59.301,63.938,68.952,74.374,80,80,80,80,80,80,80,80,80,80,80,80,80,80,80,80,80,80,80,80,80,80,80,80,80,80,80,80,80,80,80,80,80,80,80,80,80,80,80,80,80,80,80,80,80,80,80,80,80,80,80,80,80,80
11.5,8.3694,8.5752,8.7907,9.017,9.2551,9.5062,9.7714,10.052,10.35,10.666,11.003,11.362,11.746,12.157,12.599,13.073,13.585,14.137,14.735,15.383,16.087,16.853,17.689,18.601,19.599,20.691,21.887,23.198,24.634,26.209,27.934,29.823,31.888,34.144,36.604,39.284,42.199,45.365,48.801,52.525,56.557,60.919,65.637,70.735,76.244,80,80,80,80,80,80,80,80,80,80,80,80,80,80,80,80,80,80,80,80,80,80,80,80,80,80,80,80,80,80,80,80,80,80,80,80,80,80,80,80,80,80,80,80,80,80,80,80,80,80,80,80,80,80
11.75,8.5812,8.7937,9.0162,9.25,9.4961,9.7556,10.03,10.32,10.629,10.956,11.305,11.678,12.076,12.502,12.96,13.453,13.984,14.557,15.178,15.852,16.583,17.379,18.247,19.194,20.229,21.361,22.6,23.956,25.442,27.068,28.846,30.791,32.914,35.23,37.753,40.497,43.478,46.712,50.218,54.014,58.121,62.562,67.36,72.542,78.139,80,80,80,80,80,80,80,80,80,80,80,80,80,80,80,80,80,80,80,80,80,80,80,80,80,80,80,80,80,80,80,80,80,80,80,80,80,80,80,80,80,80,80,80,80,80,80,80,80,80,80,80,79.844,64.939
12,8.799,9.0185,9.2484,9.4899,9.7442,10.013,10.296,10.597,10.916,11.256,11.617,12.003,12.416,12.859,13.334,13.845,14.397,14.992,15.637,16.337,17.096,17.923,18.824,19.806,20.879,22.052,23.335,24.738,26.272,27.949,29.782,31.783,33.965,36.341,38.926,41.734,44.781,48.083,51.659,55.528,59.71,64.228,69.106,74.373,80,80,80,80,80,80,80,80,80,80,80,80,80,80,80,80,80,80,80,80,80,80,80,80,80,80,80,80,80,80,80,80,80,80,80,80,80,80,80,80,80,80,80,80,80,80,80,80,80,80,80,80,80,79.998,80
12.25,9.0232,9.2498,9.4873,9.737,10,10.278,10.571,10.883,11.213,11.565,11.939,12.34,12.768,13.227,13.72,14.251,14.824,15.442,16.112,16.838,17.627,18.485,19.419,20.438,21.55,22.765,24.092,25.542,27.126,28.855,30.742,32.799,35.039,37.475,40.122,42.994,46.107,49.478,53.123,57.064,61.321,65.917,70.877,76.228,80,80,80,80,80,80,80,80,80,80,80,80,80,80,80,80,80,80,80,80,80,80,80,80,80,80,80,80,80,80,80,80,80,80,80,80,80,80,80,80,80,80,80,80,80,80,80,80,80,80,80,80,80,79.639,80
12.5,9.2539,9.488,9.7334,9.9915,10.263,10.551,10.855,11.177,11.519,11.884,12.272,12.687,13.131,13.608,14.12,14.671,15.265,15.908,16.603,17.357,18.176,19.066,20.035,21.091,22.243,23.5,24.872,26.369,28.003,29.784,31.725,33.839,36.137,38.634,41.342,44.278,47.457,50.895,54.611,58.624,62.956,67.63,72.671,78.107,80,80,80,80,80,80,80,80,80,80,80,80,80,80,80,80,80,80,80,80,80,80,80,80,80,80,80,80,80,80,80,80,80,80,80,80,80,80,80,80,80,80,80,80,80,80,80,80,80,80,80,80,80,79.999,80
12.75,9.4913,9.7332,9.9869,10.254,10.535,10.832,11.147,11.481,11.835,12.213,12.616,13.046,13.507,14.001,14.533,15.105,15.722,16.389,17.111,17.893,18.743,19.666,20.67,21.765,22.957,24.257,25.674,27.219,28.903,30.737,32.732,34.902,37.259,39.815,42.586,45.585,48.83,52.336,56.122,60.207,64.614,69.366,74.489,80,80,80,80,80,80,80,80,80,80,80,80,80,80,80,80,80,80,80,80,80,80,80,80,80,80,80,80,80,80,80,80,80,80,80,80,80,80,80,80,80,80,80,80,80,80,80,80,80,80,80,80,80,80,78.049,80
13,9.7357,9.9857,10.248,10.524,10.815,11.123,11.449,11.794,12.162,12.553,12.971,13.417,13.895,14.408,14.96,15.554,16.194,16.886,17.635,18.447,19.328,20.285,21.326,22.459,23.692,25.036,26.499,28.092,29.826,31.713,33.763,35.989,38.404,41.02,43.853,46.916,50.226,53.799,57.655,61.814,66.296,71.126,76.33,80,80,80,80,80,80,80,80,80,80,80,80,80,80,80,80,80,80,80,80,80,80,80,80,80,80,80,80,80,80,80,80,80,80,80,80,80,80,80,80,80,80,80,80,80,80,80,80,80,80,80,80,80,80,79.984,80
13.25,9.9874,10.246,10.517,10.803,11.104,11.422,11.76,12.118,12.499,12.904,13.337,13.8,14.296,14.829,15.401,16.017,16.682,17.4,18.178,19.02,19.933,20.925,22.002,23.175,24.45,25.837,27.346,28.988,30.773,32.712,34.817,37.099,39.572,42.248,45.142,48.269,51.645,55.286,59.212,63.443,68,72.909,78.195,80,80,80,80,80,80,80,80,80,80,80,80,80,80,80,80,80,80,80,80,80,80,80,80,80,80,80,80,80,80,80,80,80,80,80,80,80,80,80,80,80,80,80,80,80,80,80,80,80,80,80,80,80,80,79.922,80
13.5,10.247,10.514,10.794,11.09,11.401,11.731,12.081,12.452,12.847,13.267,13.716,14.197,14.711,15.263,15.857,16.497,17.187,17.932,18.738,19.611,20.557,21.584,22.7,23.912,25.229,26.661,28.217,29.907,31.743,33.735,35.894,38.233,40.763,43.5,46.455,49.645,53.086,56.795,60.791,65.095,69.728,74.716,80,80,80,80,80,80,80,80,80,80,80,80,80,80,80,80,80,80,80,80,80,80,80,80,80,80,80,80,80,80,80,80,80,80,80,80,80,80,80,80,80,80,80,80,80,80,80,80,80,80,80,80,80,80,80,78.661,80
13.75,10.514,10.79,11.08,11.386,11.709,12.05,12.412,12.797,13.206,13.642,14.108,14.606,15.14,15.713,16.329,16.992,17.708,18.48,19.316,20.221,21.201,22.264,23.418,24.67,26.03,27.507,29.11,30.85,32.736,34.78,36.994,39.389,41.978,44.774,47.791,51.044,54.551,58.327,62.394,66.77,71.479,76.546,80,80,80,80,80,80,80,80,80,80,80,80,80,80,80,80,80,80,80,80,80,80,80,80,80,80,80,80,80,80,80,80,80,80,80,80,80,80,80,80,80,80,80,80,80,80,80,80,80,80,80,80,80,80,80,75.006,80
14,10.789,11.074,11.375,11.691,12.025,12.379,12.754,13.153,13.577,14.029,14.512,15.029,15.582,16.177,16.816,17.504,18.246,19.047,19.913,20.85,21.865,22.964,24.157,25.45,26.854,28.376,30.026,31.815,33.752,35.849,38.117,40.568,43.215,46.07,49.149,52.466,56.038,59.882,64.019,68.468,73.253,78.399,80,80,80,80,80,80,80,80,80,80,80,80,80,80,80,80,80,80,80,80,80,80,80,80,80,80,80,80,80,80,80,80,80,80,80,80,80,80,80,80,80,80,80,80,80,80,80,80,80,80,80,80,80,80,80,79.893,59.927
14.25,11.072,11.368,11.679,12.006,12.352,12.719,13.107,13.52,13.96,14.429,14.93,15.466,16.04,16.656,17.319,18.033,18.802,19.632,20.529,21.499,22.549,23.686,24.918,26.252,27.699,29.267,30.964,32.802,34.791,36.941,39.263,41.77,44.474,47.389,50.529,53.91,57.547,61.459,65.666,70.189,75.05,80,80,80,80,80,80,80,80,80,80,80,80,80,80,80,80,80,80,80,80,80,80,80,80,80,80,80,80,80,80,80,80,80,80,80,80,80,80,80,80,80,80,80,80,80,80,80,80,80,80,80,80,80,80,80,80,79.936,43.141
14.5,11.364,11.67,11.992,12.331,12.689,13.069,13.472,13.9,14.356,14.842,15.361,15.917,16.512,17.152,17.839,18.578,19.375,20.235,21.164,22.168,23.253,24.428,25.7,27.076,28.567,30.18,31.925,33.813,35.852,38.055,40.432,42.995,45.757,48.731,51.932,55.376,59.079,63.059,67.336,71.932,76.87,80,80,80,80,80,80,80,80,80,80,80,80,80,80,80,80,80,80,80,80,80,80,80,80,80,80,80,80,80,80,80,80,80,80,80,80,80,80,80,80,80,80,80,80,80,80,80,80,80,80,80,80,80,80,80,80,79.351,80
14.75,11.665,11.982,12.315,12.666,13.037,13.431,13.848,14.292,14.764,15.268,15.807,16.383,17,17.663,18.375,19.142,19.967,20.858,21.819,22.857,23.978,25.191,26.503,27.922,29.457,31.116,32.909,34.846,36.936,39.191,41.622,44.241,47.061,50.095,53.357,56.864,60.633,64.681,69.029,73.699,78.714,80,80,80,80,80,80,80,80,80,80,80,80,80,80,80,80,80,80,80,80,80,80,80,80,80,80,80,80,80,80,80,80,80,80,80,80,80,80,80,80,80,80,80,80,80,80,80,80,80,80,80,80,80,80,80,80,79.361,80
15,11.976,12.303,12.648,13.012,13.396,13.804,14.236,14.696,15.186,15.709,16.267,16.864,17.504,18.191,18.929,19.723,20.578,21.499,22.493,23.566,24.724,25.976,27.329,28.79,30.369,32.074,33.915,35.901,38.043,40.35,42.836,45.51,48.388,51.481,54.805,58.375,62.209,66.326,70.744,75.488,80,80,80,80,80,80,80,80,80,80,80,80,80,80,80,80,80,80,80,80,80,80,80,80,80,80,80,80,80,80,80,80,80,80,80,80,80,80,80,80,80,80,80,80,80,80,80,80,80,80,80,80,80,80,80,80,80,74.381,38.801
15.25,12.296,12.635,12.992,13.369,13.767,14.189,14.637,15.114,15.622,16.163,16.742,17.361,18.024,18.736,19.5,20.322,21.207,22.16,23.187,24.295,25.491,26.782,28.176,29.68,31.303,33.055,34.943,36.979,39.171,41.531,44.071,46.802,49.736,52.889,56.274,59.908,63.808,67.992,72.482,77.3,80,80,80,80,80,80,80,80,80,80,80,80,80,80,80,80,80,80,80,80,80,80,80,80,80,80,80,80,80,80,80,80,80,80,80,80,80,80,80,80,80,80,80,80,80,80,80,80,80,80,80,80,80,80,80,80,80,74.382,80
15.5,12.626,12.977,13.347,13.737,14.149,14.587,15.051,15.545,16.071,16.633,17.232,17.874,18.561,19.298,20.089,20.94,21.855,22.84,23.902,25.046,26.279,27.61,29.045,30.592,32.26,34.057,35.994,38.079,40.322,42.735,45.328,48.115,51.107,54.319,57.765,61.463,65.428,69.681,74.243,79.135,80,80,80,80,80,80,80,80,80,80,80,80,80,80,80,80,80,80,80,80,80,80,80,80,80,80,80,80,80,80,80,80,80,80,80,80,80,80,80,80,80,80,80,80,80,80,80,80,80,80,80,80,80,80,80,80,80,78.742,80
15.75,12.966,13.33,13.712,14.117,14.544,14.997,15.479,15.99,16.536,17.117,17.738,18.403,19.115,19.878,20.697,21.577,22.523,23.541,24.637,25.817,27.089,28.459,29.935,31.525,33.238,35.082,37.066,39.2,41.495,43.96,46.607,49.449,52.499,55.77,59.278,63.039,67.071,71.393,76.026,80,80,80,80,80,80,80,80,80,80,80,80,80,80,80,80,80,80,80,80,80,80,80,80,80,80,80,80,80,80,80,80,80,80,80,80,80,80,80,80,80,80,80,80,80,80,80,80,80,80,80,80,80,80,80,80,80,75.006,77.474,80
16,13.317,13.694,14.09,14.508,14.951,15.421,15.92,16.45,17.015,17.617,18.261,18.949,19.686,20.475,21.322,22.232,23.21,24.261,25.392,26.609,27.919,29.329,30.847,32.481,34.238,36.128,38.161,40.344,42.689,45.207,47.908,50.806,53.913,57.244,60.813,64.638,68.736,73.126,77.831,80,80,80,80,80,80,80,80,80,80,80,80,80,80,80,80,80,80,80,80,80,80,80,80,80,80,80,80,80,80,80,80,80,80,80,80,80,80,80,80,80,80,80,80,80,80,80,80,80,80,80,80,80,80,80,80,80,80,64.979,80
16.25,13.679,14.069,14.479,14.913,15.372,15.858,16.375,16.924,17.509,18.133,18.799,19.512,20.274,21.091,21.967,22.907,23.917,25.002,26.168,27.422,28.771,30.221,31.781,33.458,35.26,37.197,39.277,41.509,43.905,46.475,49.231,52.184,55.349,58.739,62.37,66.258,70.422,74.882,79.659,80,80,80,80,80,80,80,80,80,80,80,80,80,80,80,80,80,80,80,80,80,80,80,80,80,80,80,80,80,80,80,80,80,80,80,80,80,80,80,80,80,80,80,80,80,80,80,80,80,80,80,80,80,80,80,80,80,80,79.976,80
16.5,14.052,14.456,14.881,15.33,15.805,16.309,16.844,17.413,18.019,18.665,19.355,20.092,20.88,21.725,22.63,23.601,24.643,25.762,26.964,28.256,29.643,31.134,32.736,34.456,36.304,38.287,40.414,42.696,45.143,47.765,50.575,53.584,56.806,60.255,63.948,67.9,72.131,76.66,80,80,80,80,80,80,80,80,80,80,80,80,80,80,80,80,80,80,80,80,80,80,80,80,80,80,80,80,80,80,80,80,80,80,80,80,80,80,80,80,80,80,80,80,80,80,80,80,80,80,80,80,80,80,80,80,80,80,79.922,69.99,39.97
16.75,14.437,14.855,15.296,15.76,16.253,16.774,17.328,17.917,18.545,19.213,19.927,20.689,21.505,22.378,23.313,24.315,25.39,26.544,27.782,29.111,30.537,32.069,33.713,35.477,37.369,39.398,41.574,43.905,46.402,49.077,51.94,55.005,58.284,61.793,65.548,69.564,73.862,78.461,80,80,80,80,80,80,80,80,80,80,80,80,80,80,80,80,80,80,80,80,80,80,80,80,80,80,80,80,80,80,80,80,80,80,80,80,80,80,80,80,80,80,80,80,80,80,80,80,80,80,80,80,80,80,80,80,80,80,80,79.604,80
17,14.835,15.267,15.723,16.204,16.714,17.254,17.828,18.437,19.087,19.778,20.517,21.305,22.148,23.049,24.015,25.049,26.157,27.345,28.62,29.987,31.453,33.025,34.711,36.518,38.455,40.531,42.754,45.135,47.683,50.409,53.326,56.447,59.784,63.353,67.169,71.25,75.615,80,80,80,80,80,80,80,80,80,80,80,80,80,80,80,80,80,80,80,80,80,80,80,80,80,80,80,80,80,80,80,80,80,80,80,80,80,80,80,80,80,80,80,80,80,80,80,80,80,80,80,80,80,80,80,80,80,80,80,78.752,64.705,35.016
17.25,15.244,15.692,16.164,16.662,17.19,17.749,18.343,18.974,19.645,20.361,21.124,21.939,22.809,23.74,24.736,25.802,26.944,28.168,29.479,30.884,32.389,34.002,35.73,37.581,39.563,41.685,43.956,46.385,48.984,51.763,54.734,57.91,61.305,64.934,68.812,72.957,77.389,80,80,80,80,80,80,80,80,80,80,80,80,80,80,80,80,80,80,80,80,80,80,80,80,80,80,80,80,80,80,80,80,80,80,80,80,80,80,80,80,80,80,80,80,80,80,80,80,80,80,80,80,80,80,80,80,80,80,80,80,76.045,80
17.5,15.666,16.13,16.618,17.134,17.68,18.259,18.873,19.526,20.221,20.96,21.749,22.591,23.49,24.45,25.477,26.576,27.752,29.011,30.358,31.801,33.346,35,36.771,38.665,40.692,42.86,45.179,47.657,50.307,53.138,56.163,59.395,62.847,66.536,70.476,74.686,79.186,80,80,80,80,80,80,80,80,80,80,80,80,80,80,80,80,80,80,80,80,80,80,80,80,80,80,80,80,80,80,80,80,80,80,80,80,80,80,80,80,80,80,80,80,80,80,80,80,80,80,80,80,80,80,80,80,80,80,80,80,65.934,80
17.75,16.102,16.582,17.087,17.621,18.186,18.785,19.42,20.095,20.813,21.578,22.392,23.261,24.189,25.18,26.238,27.37,28.58,29.874,31.259,32.74,34.325,36.019,37.832,39.77,41.842,44.056,46.423,48.95,51.65,54.534,57.613,60.9,64.411,68.159,72.162,76.437,80,80,80,80,80,80,80,80,80,80,80,80,80,80,80,80,80,80,80,80,80,80,80,80,80,80,80,80,80,80,80,80,80,80,80,80,80,80,80,80,80,80,80,80,80,80,80,80,80,80,80,80,80,80,80,80,80,80,80,80,80,74.678,80
18,16.55,17.047,17.57,18.123,18.707,19.326,19.983,20.681,21.423,22.213,23.054,23.951,24.907,25.928,27.019,28.183,29.428,30.758,32.18,33.7,35.324,37.06,38.914,40.896,43.013,45.273,47.687,50.264,53.015,55.95,59.083,62.427,65.995,69.804,73.869,78.21,80,80,80,80,80,80,80,80,80,80,80,80,80,80,80,80,80,80,80,80,80,80,80,80,80,80,80,80,80,80,80,80,80,80,80,80,80,80,80,80,80,80,80,80,80,80,80,80,80,80,80,80,80,80,80,80,80,80,80,80,79.376,79.688,80
18.25,17.013,17.527,18.068,18.64,19.244,19.884,20.563,21.285,22.051,22.866,23.734,24.659,25.645,26.697,27.819,29.017,30.297,31.663,33.122,34.68,36.344,38.121,40.018,42.043,44.204,46.511,48.972,51.598,54.4,57.388,60.575,63.974,67.601,71.47,75.598,80,80,80,80,80,80,80,80,80,80,80,80,80,80,80,80,80,80,80,80,80,80,80,80,80,80,80,80,80,80,80,80,80,80,80,80,80,80,80,80,80,80,80,80,80,80,80,80,80,80,80,80,80,80,80,80,80,80,80,80,80,80,80,80
18.5,17.49,18.021,18.581,19.172,19.797,20.459,21.16,21.905,22.696,23.538,24.433,25.387,26.402,27.485,28.64,29.872,31.186,32.588,34.084,35.681,37.384,39.202,41.142,43.21,45.417,47.77,50.278,52.953,55.805,58.846,62.087,65.543,69.227,73.157,77.348,80,80,80,80,80,80,80,80,80,80,80,80,80,80,80,80,80,80,80,80,80,80,80,80,80,80,80,80,80,80,80,80,80,80,80,80,80,80,80,80,80,80,80,80,80,80,80,80,80,80,80,80,80,80,80,80,80,80,80,80,80,79.98,80,80
18.75,17.981,18.531,19.109,19.72,20.366,21.05,21.775,22.543,23.36,24.228,25.151,26.133,27.179,28.293,29.48,30.746,32.095,33.533,35.067,36.702,38.446,40.304,42.286,44.398,46.649,49.048,51.605,54.329,57.231,60.324,63.62,67.132,70.875,74.865,79.12,80,80,80,80,80,80,80,80,80,80,80,80,80,80,80,80,80,80,80,80,80,80,80,80,80,80,80,80,80,80,80,80,80,80,80,80,80,80,80,80,80,80,80,80,80,80,80,80,80,80,80,80,80,80,80,80,80,80,80,80,80,80,80,80
19,18.487,19.055,19.653,20.285,20.952,21.658,22.406,23.2,24.042,24.937,25.888,26.899,27.975,29.121,30.341,31.64,33.024,34.499,36.07,37.744,39.527,41.427,43.451,45.607,47.902,50.348,52.952,55.725,58.678,61.823,65.173,68.742,72.544,76.595,80,80,80,80,80,80,80,80,80,80,80,80,80,80,80,80,80,80,80,80,80,80,80,80,80,80,80,80,80,80,80,80,80,80,80,80,80,80,80,80,80,80,80,80,80,80,80,80,80,80,80,80,80,80,80,80,80,80,80,80,80,80,77.496,80,80
19.25,19.008,19.595,20.213,20.865,21.554,22.283,23.055,23.874,24.742,25.664,26.643,27.684,28.791,29.968,31.221,32.555,33.974,35.485,37.094,38.806,40.629,42.57,44.636,46.835,49.176,51.667,54.319,57.141,60.145,63.343,66.748,70.373,74.233,78.346,80,80,80,80,80,80,80,80,80,80,80,80,80,80,80,80,80,80,80,80,80,80,80,80,80,80,80,80,80,80,80,80,80,80,80,80,80,80,80,80,80,80,80,80,80,80,80,80,80,80,80,80,80,80,80,80,80,80,80,80,80,80,79.955,80,80
19.5,19.544,20.151,20.79,21.463,22.174,22.926,23.723,24.566,25.461,26.41,27.418,28.489,29.626,30.836,32.122,33.489,34.944,36.491,38.137,39.889,41.751,43.733,45.841,48.084,50.469,53.007,55.706,58.578,61.633,64.883,68.342,72.024,75.944,80,80,80,80,80,80,80,80,80,80,80,80,80,80,80,80,80,80,80,80,80,80,80,80,80,80,80,80,80,80,80,80,80,80,80,80,80,80,80,80,80,80,80,80,80,80,80,80,80,80,80,80,80,80,80,80,80,80,80,80,80,80,80,79.99,80,80
19.75,20.096,20.723,21.382,22.077,22.811,23.587,24.408,25.277,26.198,27.176,28.212,29.313,30.481,31.723,33.042,34.444,35.934,37.518,39.201,40.991,42.894,44.916,47.067,49.353,51.783,54.367,57.114,60.035,63.141,66.444,69.958,73.696,77.675,80,80,80,80,80,80,80,80,80,80,80,80,80,80,80,80,80,80,80,80,80,80,80,80,80,80,80,80,80,80,80,80,80,80,80,80,80,80,80,80,80,80,80,80,80,80,80,80,80,80,80,80,80,80,80,80,80,80,80,80,80,80,80,79.142,80,80
20,20.664,21.311,21.992,22.709,23.465,24.265,25.111,26.006,26.955,27.96,29.026,30.156,31.356,32.63,33.982,35.418,36.944,38.564,40.285,42.113,44.056,46.12,48.312,50.642,53.117,55.747,58.541,61.512,64.669,68.025,71.594,75.389,79.428,80,80,80,80,80,80,80,80,80,80,80,80,80,80,80,80,80,80,80,80,80,80,80,80,80,80,80,80,80,80,80,80,80,80,80,80,80,80,80,80,80,80,80,80,80,80,80,80,80,80,80,80,80,80,80,80,80,80,80,80,80,80,80,79.159,80,80
20.25,21.248,21.916,22.618,23.357,24.137,24.962,25.833,26.754,27.73,28.763,29.858,31.019,32.25,33.556,34.942,36.413,37.973,39.63,41.389,43.256,45.238,47.343,49.578,51.95,54.47,57.146,59.989,63.009,66.217,69.626,73.25,77.103,80,80,80,80,80,80,80,80,80,80,80,80,80,80,80,80,80,80,80,80,80,80,80,80,80,80,80,80,80,80,80,80,80,80,80,80,80,80,80,80,80,80,80,80,80,80,80,80,80,80,80,80,80,80,80,80,80,80,80,80,80,80,80,80,79.992,58.151,80
20.5,21.848,22.537,23.261,24.023,24.827,25.676,26.573,27.521,28.524,29.586,30.71,31.901,33.164,34.502,35.922,37.426,39.023,40.716,42.512,44.418,46.44,48.586,50.863,53.279,55.844,58.566,61.457,64.526,67.785,71.248,74.927,78.838,80,80,80,80,80,80,80,80,80,80,80,80,80,80,80,80,80,80,80,80,80,80,80,80,80,80,80,80,80,80,80,80,80,80,80,80,80,80,80,80,80,80,80,80,80,80,80,80,80,80,80,80,80,80,80,80,80,80,80,80,80,80,80,80,79.805,52.41,80
20.75,22.465,23.176,23.922,24.707,25.535,26.409,27.331,28.306,29.337,30.427,31.581,32.803,34.097,35.468,36.921,38.46,40.092,41.822,43.655,45.6,47.662,49.848,52.167,54.627,57.237,60.006,62.944,66.063,69.374,72.89,76.625,80,80,80,80,80,80,80,80,80,80,80,80,80,80,80,80,80,80,80,80,80,80,80,80,80,80,80,80,80,80,80,80,80,80,80,80,80,80,80,80,80,80,80,80,80,80,80,80,80,80,80,80,80,80,80,80,80,80,80,80,80,80,80,80,80,70.012,39.582,80
21,23.099,23.831,24.6,25.409,26.261,27.159,28.108,29.11,30.168,31.288,32.471,33.724,35.05,36.453,37.939,39.513,41.18,42.947,44.818,46.801,48.903,51.13,53.492,55.995,58.65,61.465,64.451,67.62,70.982,74.552,78.343,80,80,80,80,80,80,80,80,80,80,80,80,80,80,80,80,80,80,80,80,80,80,80,80,80,80,80,80,80,80,80,80,80,80,80,80,80,80,80,80,80,80,80,80,80,80,80,80,80,80,80,80,80,80,80,80,80,80,80,80,80,80,80,80,80,74.835,80,80
21.25,23.75,24.504,25.296,26.128,27.005,27.929,28.904,29.932,31.019,32.167,33.381,34.664,36.022,37.458,38.977,40.586,42.289,44.091,46,48.022,50.163,52.432,54.835,57.382,60.082,62.944,65.978,69.197,72.611,76.235,80,80,80,80,80,80,80,80,80,80,80,80,80,80,80,80,80,80,80,80,80,80,80,80,80,80,80,80,80,80,80,80,80,80,80,80,80,80,80,80,80,80,80,80,80,80,80,80,80,80,80,80,80,80,80,80,80,80,80,80,80,80,80,80,80,79.999,67.329,40.049,80
21.5,24.417,25.194,26.009,26.865,27.767,28.716,29.718,30.774,31.889,33.066,34.31,35.624,37.013,38.482,40.035,41.678,43.416,45.255,47.202,49.262,51.443,53.753,56.199,58.789,61.534,64.442,67.525,70.794,74.26,77.937,80,80,80,80,80,80,80,80,80,80,80,80,80,80,80,80,80,80,80,80,80,80,80,80,80,80,80,80,80,80,80,80,80,80,80,80,80,80,80,80,80,80,80,80,80,80,80,80,80,80,80,80,80,80,80,80,80,80,80,80,80,80,80,80,80,80,74.927,40.04,80
21.75,25.102,25.902,26.74,27.621,28.547,29.523,30.55,31.634,32.777,33.984,35.257,36.602,38.023,39.525,41.111,42.789,44.563,46.438,48.422,50.521,52.743,55.093,57.581,60.216,63.005,65.961,69.092,72.41,75.929,79.661,80,80,80,80,80,80,80,80,80,80,80,80,80,80,80,80,80,80,80,80,80,80,80,80,80,80,80,80,80,80,80,80,80,80,80,80,80,80,80,80,80,80,80,80,80,80,80,80,80,80,80,80,80,80,80,80,80,80,80,80,80,80,80,80,80,80,75.006,39.971,80
22,25.805,26.627,27.489,28.394,29.346,30.347,31.402,32.513,33.685,34.92,36.224,37.6,39.053,40.587,42.207,43.919,45.728,47.641,49.662,51.8,54.061,56.453,58.983,61.661,64.496,67.498,70.678,74.047,77.618,80,80,80,80,80,80,80,80,80,80,80,80,80,80,80,80,80,80,80,80,80,80,80,80,80,80,80,80,80,80,80,80,80,80,80,80,80,80,80,80,80,80,80,80,80,80,80,80,80,80,80,80,80,80,80,80,80,80,80,80,80,80,80,80,80,80,79.995,72.509,80,80
22.25,26.525,27.37,28.256,29.186,30.163,31.19,32.272,33.411,34.611,35.876,37.21,38.616,40.101,41.668,43.322,45.068,46.913,48.862,50.921,53.098,55.398,57.831,60.404,63.126,66.007,69.056,72.284,75.704,79.327,80,80,80,80,80,80,80,80,80,80,80,80,80,80,80,80,80,80,80,80,80,80,80,80,80,80,80,80,80,80,80,80,80,80,80,80,80,80,80,80,80,80,80,80,80,80,80,80,80,80,80,80,80,80,80,80,80,80,80,80,80,80,80,80,80,80,80,74.054,80,80
22.5,27.262,28.131,29.041,29.996,30.998,32.052,33.16,34.327,35.556,36.85,38.214,39.652,41.168,42.768,44.456,46.237,48.117,50.102,52.199,54.414,56.755,59.229,61.845,64.611,67.536,70.633,73.91,77.38,80,80,80,80,80,80,80,80,80,80,80,80,80,80,80,80,80,80,80,80,80,80,80,80,80,80,80,80,80,80,80,80,80,80,80,80,80,80,80,80,80,80,80,80,80,80,80,80,80,80,80,80,80,80,80,80,80,80,80,80,80,80,80,80,80,80,80,80,77.424,80,80
22.75,28.017,28.91,29.844,30.823,31.852,32.932,34.067,35.262,36.519,37.843,39.237,40.706,42.254,43.887,45.608,47.424,49.34,51.362,53.496,55.75,58.131,60.646,63.304,66.114,69.086,72.229,75.555,79.077,80,80,80,80,80,80,80,80,80,80,80,80,80,80,80,80,80,80,80,80,80,80,80,80,80,80,80,80,80,80,80,80,80,80,80,80,80,80,80,80,80,80,80,80,80,80,80,80,80,80,80,80,80,80,80,80,80,80,80,80,80,80,80,80,80,80,80,80,74.216,20.075,80
23,28.79,29.707,30.665,31.67,32.724,33.83,34.993,36.216,37.502,38.855,40.279,41.779,43.359,45.024,46.779,48.63,50.581,52.639,54.812,57.104,59.525,62.082,64.783,67.637,70.654,73.845,77.221,80,80,80,80,80,80,80,80,80,80,80,80,80,80,80,80,80,80,80,80,80,80,80,80,80,80,80,80,80,80,80,80,80,80,80,80,80,80,80,80,80,80,80,80,80,80,80,80,80,80,80,80,80,80,80,80,80,80,80,80,80,80,80,80,80,80,80,80,80,69.651,80,80
23.25,29.58,30.521,31.504,32.534,33.614,34.747,35.937,37.188,38.502,39.885,41.34,42.871,44.483,46.18,47.969,49.854,51.841,53.936,56.146,58.478,60.938,63.536,66.28,69.179,72.242,75.48,78.905,80,80,80,80,80,80,80,80,80,80,80,80,80,80,80,80,80,80,80,80,80,80,80,80,80,80,80,80,80,80,80,80,80,80,80,80,80,80,80,80,80,80,80,80,80,80,80,80,80,80,80,80,80,80,80,80,80,80,80,80,80,80,80,80,80,80,80,80,80,74.289,39.883,80
23.5,30.389,31.353,32.361,33.416,34.522,35.682,36.899,38.178,39.521,40.934,42.419,43.981,45.625,47.355,49.178,51.097,53.12,55.251,57.499,59.87,62.371,65.01,67.797,70.74,73.849,77.135,80,80,80,80,80,80,80,80,80,80,80,80,80,80,80,80,80,80,80,80,80,80,80,80,80,80,80,80,80,80,80,80,80,80,80,80,80,80,80,80,80,80,80,80,80,80,80,80,80,80,80,80,80,80,80,80,80,80,80,80,80,80,80,80,80,80,80,80,80,80,72.497,39.386,80
23.75,31.215,32.204,33.236,34.317,35.449,36.635,37.88,39.187,40.559,42.001,43.516,45.109,46.785,48.548,50.404,52.359,54.417,56.585,58.871,61.28,63.822,66.503,69.332,72.32,75.475,78.81,80,80,80,80,80,80,80,80,80,80,80,80,80,80,80,80,80,80,80,80,80,80,80,80,80,80,80,80,80,80,80,80,80,80,80,80,80,80,80,80,80,80,80,80,80,80,80,80,80,80,80,80,80,80,80,80,80,80,80,80,80,80,80,80,80,80,80,80,80,80,79.346,80,80
24,32.059,33.072,34.129,35.235,36.393,37.607,38.879,40.214,41.615,43.086,44.632,46.256,47.964,49.76,51.65,53.638,55.732,57.938,60.261,62.71,65.291,68.014,70.887,73.919,77.121,80,80,80,80,80,80,80,80,80,80,80,80,80,80,80,80,80,80,80,80,80,80,80,80,80,80,80,80,80,80,80,80,80,80,80,80,80,80,80,80,80,80,80,80,80,80,80,80,80,80,80,80,80,80,80,80,80,80,80,80,80,80,80,80,80,80,80,80,80,80,80,68.92,33.652,80
24.25,32.92,33.958,35.04,36.172,37.356,38.596,39.896,41.259,42.689,44.19,45.766,47.421,49.161,50.99,52.913,54.937,57.066,59.308,61.67,64.158,66.78,69.544,72.46,75.538,78.786,80,80,80,80,80,80,80,80,80,80,80,80,80,80,80,80,80,80,80,80,80,80,80,80,80,80,80,80,80,80,80,80,80,80,80,80,80,80,80,80,80,80,80,80,80,80,80,80,80,80,80,80,80,80,80,80,80,80,80,80,80,80,80,80,80,80,80,80,80,80,80,78.337,80,80
24.5,33.8,34.862,35.969,37.126,38.337,39.604,40.931,42.322,43.781,45.311,46.918,48.604,50.376,52.238,54.195,56.253,58.419,60.698,63.097,65.624,68.287,71.093,74.053,77.175,80,80,80,80,80,80,80,80,80,80,80,80,80,80,80,80,80,80,80,80,80,80,80,80,80,80,80,80,80,80,80,80,80,80,80,80,80,80,80,80,80,80,80,80,80,80,80,80,80,80,80,80,80,80,80,80,80,80,80,80,80,80,80,80,80,80,80,80,80,80,80,69.388,77.503,35.016,80
24.75,34.696,35.783,36.916,38.099,39.335,40.629,41.984,43.403,44.891,46.451,48.088,49.805,51.609,53.504,55.495,57.588,59.789,62.105,64.543,67.109,69.812,72.661,75.665,78.832,80,80,80,80,80,80,80,80,80,80,80,80,80,80,80,80,80,80,80,80,80,80,80,80,80,80,80,80,80,80,80,80,80,80,80,80,80,80,80,80,80,80,80,80,80,80,80,80,80,80,80,80,80,80,80,80,80,80,80,80,80,80,80,80,80,80,80,80,80,80,80,79.999,77.347,80,80
25,35.611,36.723,37.88,39.089,40.352,41.673,43.055,44.502,46.019,47.609,49.276,51.025,52.86,54.788,56.813,58.941,61.178,63.531,66.007,68.613,71.357,74.248,77.295,80,80,80,80,80,80,80,80,80,80,80,80,80,80,80,80,80,80,80,80,80,80,80,80,80,80,80,80,80,80,80,80,80,80,80,80,80,80,80,80,80,80,80,80,80,80,80,80,80,80,80,80,80,80,80,80,80,80,80,80,80,80,80,80,80,80,80,80,80,80,80,80,79.98,65.019,39.815,80
25.25,36.543,37.679,38.863,40.097,41.386,42.734,44.144,45.619,47.165,48.784,50.482,52.262,54.13,56.09,58.149,60.312,62.585,64.975,67.489,70.135,72.92,75.853,78.945,80,80,80,80,80,80,80,80,80,80,80,80,80,80,80,80,80,80,80,80,80,80,80,80,80,80,80,80,80,80,80,80,80,80,80,80,80,80,80,80,80,80,80,80,80,80,80,80,80,80,80,80,80,80,80,80,80,80,80,80,80,80,80,80,80,80,80,80,80,80,80,80,79.961,80,80,80
25.5,37.493,38.654,39.862,41.122,42.438,43.813,45.25,46.754,48.328,49.977,51.705,53.517,55.417,57.41,59.503,61.701,64.01,66.437,68.99,71.675,74.501,77.478,80,80,80,80,80,80,80,80,80,80,80,80,80,80,80,80,80,80,80,80,80,80,80,80,80,80,80,80,80,80,80,80,80,80,80,80,80,80,80,80,80,80,80,80,80,80,80,80,80,80,80,80,80,80,80,80,80,80,80,80,80,80,80,80,80,80,80,80,80,80,80,80,80,79.997,69.933,80,80
25.75,38.46,39.646,40.88,42.165,43.507,44.909,46.374,47.906,49.51,51.188,52.947,54.79,56.722,58.748,60.875,63.108,65.453,67.918,70.509,73.234,76.102,79.121,80,80,80,80,80,80,80,80,80,80,80,80,80,80,80,80,80,80,80,80,80,80,80,80,80,80,80,80,80,80,80,80,80,80,80,80,80,80,80,80,80,80,80,80,80,80,80,80,80,80,80,80,80,80,80,80,80,80,80,80,80,80,80,80,80,80,80,80,80,80,80,80,80,79.96,80,80,80
26,39.445,40.655,41.914,43.226,44.594,46.023,47.516,49.076,50.709,52.417,54.206,56.08,58.044,60.104,62.265,64.533,66.915,69.417,72.046,74.812,77.721,80,80,80,80,80,80,80,80,80,80,80,80,80,80,80,80,80,80,80,80,80,80,80,80,80,80,80,80,80,80,80,80,80,80,80,80,80,80,80,80,80,80,80,80,80,80,80,80,80,80,80,80,80,80,80,80,80,80,80,80,80,80,80,80,80,80,80,80,80,80,80,80,80,80,79.328,59.816,80,80
26.25,40.447,41.682,42.967,44.304,45.699,47.155,48.675,50.264,51.925,53.663,55.483,57.388,59.385,61.478,63.673,65.976,68.394,70.934,73.602,76.407,79.358,80,80,80,80,80,80,80,80,80,80,80,80,80,80,80,80,80,80,80,80,80,80,80,80,80,80,80,80,80,80,80,80,80,80,80,80,80,80,80,80,80,80,80,80,80,80,80,80,80,80,80,80,80,80,80,80,80,80,80,80,80,80,80,80,80,80,80,80,80,80,80,80,80,80,79.452,64.235,80,80
26.5,41.466,42.726,44.036,45.399,46.821,48.303,49.851,51.469,53.159,54.927,56.777,58.714,60.743,62.869,65.098,67.437,69.892,72.469,75.176,78.022,80,80,80,80,80,80,80,80,80,80,80,80,80,80,80,80,80,80,80,80,80,80,80,80,80,80,80,80,80,80,80,80,80,80,80,80,80,80,80,80,80,80,80,80,80,80,80,80,80,80,80,80,80,80,80,80,80,80,80,80,80,80,80,80,80,80,80,80,80,80,80,80,80,80,80,79.668,80,80,80
26.75,42.502,43.788,45.123,46.512,47.96,49.47,51.045,52.691,54.41,56.208,58.089,60.057,62.119,64.278,66.542,68.916,71.407,74.022,76.769,79.655,80,80,80,80,80,80,80,80,80,80,80,80,80,80,80,80,80,80,80,80,80,80,80,80,80,80,80,80,80,80,80,80,80,80,80,80,80,80,80,80,80,80,80,80,80,80,80,80,80,80,80,80,80,80,80,80,80,80,80,80,80,80,80,80,80,80,80,80,80,80,80,80,80,80,80,79.996,80,80,80
27,43.556,44.866,46.227,47.642,49.116,50.653,52.256,53.93,55.679,57.507,59.418,61.418,63.512,65.705,68.003,70.413,72.94,75.593,78.379,80,80,80,80,80,80,80,80,80,80,80,80,80,80,80,80,80,80,80,80,80,80,80,80,80,80,80,80,80,80,80,80,80,80,80,80,80,80,80,80,80,80,80,80,80,80,80,80,80,80,80,80,80,80,80,80,80,80,80,80,80,80,80,80,80,80,80,80,80,80,80,80,80,80,80,80,60.025,80,80,80
27.25,44.626,45.962,47.348,48.789,50.289,51.853,53.485,55.187,56.965,58.823,60.765,62.796,64.923,67.149,69.482,71.927,74.492,77.183,80,80,80,80,80,80,80,80,80,80,80,80,80,80,80,80,80,80,80,80,80,80,80,80,80,80,80,80,80,80,80,80,80,80,80,80,80,80,80,80,80,80,80,80,80,80,80,80,80,80,80,80,80,80,80,80,80,80,80,80,80,80,80,80,80,80,80,80,80,80,80,80,80,80,80,80,80,79.89,80,80,80
27.5,45.714,47.074,48.485,49.953,51.48,53.071,54.73,56.461,58.268,60.156,62.129,64.192,66.351,68.611,70.978,73.46,76.061,78.791,80,80,80,80,80,80,80,80,80,80,80,80,80,80,80,80,80,80,80,80,80,80,80,80,80,80,80,80,80,80,80,80,80,80,80,80,80,80,80,80,80,80,80,80,80,80,80,80,80,80,80,80,80,80,80,80,80,80,80,80,80,80,80,80,80,80,80,80,80,80,80,80,80,80,80,80,80,75.318,80,39.426,80
27.75,46.818,48.203,49.64,51.134,52.687,54.306,55.993,57.752,59.588,61.506,63.51,65.605,67.797,70.091,72.493,75.01,77.649,80,80,80,80,80,80,80,80,80,80,80,80,80,80,80,80,80,80,80,80,80,80,80,80,80,80,80,80,80,80,80,80,80,80,80,80,80,80,80,80,80,80,80,80,80,80,80,80,80,80,80,80,80,80,80,80,80,80,80,80,80,80,80,80,80,80,80,80,80,80,80,80,80,80,80,80,80,80,77.962,80,80,80
28,47.939,49.35,50.812,52.331,53.912,55.558,57.272,59.06,60.926,62.874,64.909,67.036,69.26,71.588,74.025,76.578,79.254,80,80,80,80,80,80,80,80,80,80,80,80,80,80,80,80,80,80,80,80,80,80,80,80,80,80,80,80,80,80,80,80,80,80,80,80,80,80,80,80,80,80,80,80,80,80,80,80,80,80,80,80,80,80,80,80,80,80,80,80,80,80,80,80,80,80,80,80,80,80,80,80,80,80,80,80,80,80,78.114,59.705,80,80
28.25,49.077,50.513,52.001,53.546,55.153,56.826,58.569,60.385,62.28,64.259,66.324,68.483,70.741,73.102,75.575,78.164,80,80,80,80,80,80,80,80,80,80,80,80,80,80,80,80,80,80,80,80,80,80,80,80,80,80,80,80,80,80,80,80,80,80,80,80,80,80,80,80,80,80,80,80,80,80,80,80,80,80,80,80,80,80,80,80,80,80,80,80,80,80,80,80,80,80,80,80,80,80,80,80,80,80,80,80,80,80,80,74.342,38.45,80,80
28.5,50.232,51.692,53.206,54.778,56.411,58.112,59.882,61.728,63.652,65.66,67.757,69.948,72.239,74.635,77.142,79.768,80,80,80,80,80,80,80,80,80,80,80,80,80,80,80,80,80,80,80,80,80,80,80,80,80,80,80,80,80,80,80,80,80,80,80,80,80,80,80,80,80,80,80,80,80,80,80,80,80,80,80,80,80,80,80,80,80,80,80,80,80,80,80,80,80,80,80,80,80,80,80,80,80,80,80,80,80,80,80,72.821,80,80,80
28.75,51.403,52.889,54.428,56.026,57.686,59.414,61.213,63.087,65.041,67.079,69.208,71.431,73.755,76.185,78.727,80,80,80,80,80,80,80,80,80,80,80,80,80,80,80,80,80,80,80,80,80,80,80,80,80,80,80,80,80,80,80,80,80,80,80,80,80,80,80,80,80,80,80,80,80,80,80,80,80,80,80,80,80,80,80,80,80,80,80,80,80,80,80,80,80,80,80,80,80,80,80,80,80,80,80,80,80,80,80,78.732,79.998,80,80,80
29,52.591,54.102,55.667,57.291,58.978,60.733,62.56,64.463,66.446,68.516,70.675,72.931,75.288,77.752,80,80,80,80,80,80,80,80,80,80,80,80,80,80,80,80,80,80,80,80,80,80,80,80,80,80,80,80,80,80,80,80,80,80,80,80,80,80,80,80,80,80,80,80,80,80,80,80,80,80,80,80,80,80,80,80,80,80,80,80,80,80,80,80,80,80,80,80,80,80,80,80,80,80,80,80,80,80,80,80,80,68.13,80,80,80
29.25,53.795,55.331,56.922,58.572,60.286,62.069,63.924,65.856,67.869,69.969,72.16,74.448,76.838,79.337,80,80,80,80,80,80,80,80,80,80,80,80,80,80,80,80,80,80,80,80,80,80,80,80,80,80,80,80,80,80,80,80,80,80,80,80,80,80,80,80,80,80,80,80,80,80,80,80,80,80,80,80,80,80,80,80,80,80,80,80,80,80,80,80,80,80,80,80,80,80,80,80,80,80,80,80,80,80,80,80,79.99,76.878,80,80,80
29.5,55.016,56.577,58.194,59.87,61.611,63.421,65.305,67.265,69.309,71.439,73.662,75.982,78.406,80,80,80,80,80,80,80,80,80,80,80,80,80,80,80,80,80,80,80,80,80,80,80,80,80,80,80,80,80,80,80,80,80,80,80,80,80,80,80,80,80,80,80,80,80,80,80,80,80,80,80,80,80,80,80,80,80,80,80,80,80,80,80,80,80,80,80,80,80,80,80,80,80,80,80,80,80,80,80,80,80,80,73.397,80,80,80
29.75,56.253,57.84,59.482,61.185,62.953,64.79,66.702,68.692,70.765,72.926,75.181,77.534,79.992,80,80,80,80,80,80,80,80,80,80,80,80,80,80,80,80,80,80,80,80,80,80,80,80,80,80,80,80,80,80,80,80,80,80,80,80,80,80,80,80,80,80,80,80,80,80,80,80,80,80,80,80,80,80,80,80,80,80,80,80,80,80,80,80,80,80,80,80,80,80,80,80,80,80,80,80,80,80,80,80,80,80,78.722,80,80,80
30,57.506,59.119,60.787,62.516,64.311,66.176,68.116,70.136,72.239,74.431,76.717,79.103,80,80,80,80,80,80,80,80,80,80,80,80,80,80,80,80,80,80,80,80,80,80,80,80,80,80,80,80,80,80,80,80,80,80,80,80,80,80,80,80,80,80,80,80,80,80,80,80,80,80,80,80,80,80,80,80,80,80,80,80,80,80,80,80,80,80,80,80,80,80,80,80,80,80,80,80,80,80,80,80,80,80,80,68.754,80,80,80
30.25,58.776,60.414,62.108,63.863,65.686,67.579,69.547,71.596,73.729,75.952,78.27,80,80,80,80,80,80,80,80,80,80,80,80,80,80,80,80,80,80,80,80,80,80,80,80,80,80,80,80,80,80,80,80,80,80,80,80,80,80,80,80,80,80,80,80,80,80,80,80,80,80,80,80,80,80,80,80,80,80,80,80,80,80,80,80,80,80,80,80,80,80,80,80,80,80,80,80,80,80,80,80,80,80,80,80,79.371,80,80,80
30.5,60.062,61.725,63.445,65.227,67.077,68.998,70.995,73.073,75.236,77.491,79.841,80,80,80,80,80,80,80,80,80,80,80,80,80,80,80,80,80,80,80,80,80,80,80,80,80,80,80,80,80,80,80,80,80,80,80,80,80,80,80,80,80,80,80,80,80,80,80,80,80,80,80,80,80,80,80,80,80,80,80,80,80,80,80,80,80,80,80,80,80,80,80,80,80,80,80,80,80,80,80,80,80,80,80,79.688,60.025,80,80,80
30.75,61.364,63.053,64.799,66.608,68.484,70.433,72.459,74.567,76.761,79.046,80,80,80,80,80,80,80,80,80,80,80,80,80,80,80,80,80,80,80,80,80,80,80,80,80,80,80,80,80,80,80,80,80,80,80,80,80,80,80,80,80,80,80,80,80,80,80,80,80,80,80,80,80,80,80,80,80,80,80,80,80,80,80,80,80,80,80,80,80,80,80,80,80,80,80,80,80,80,80,80,80,80,80,80,80,79.805,80,80,80
31,62.682,64.397,66.169,68.005,69.909,71.886,73.94,76.078,78.302,80,80,80,80,80,80,80,80,80,80,80,80,80,80,80,80,80,80,80,80,80,80,80,80,80,80,80,80,80,80,80,80,80,80,80,80,80,80,80,80,80,80,80,80,80,80,80,80,80,80,80,80,80,80,80,80,80,80,80,80,80,80,80,80,80,80,80,80,80,80,80,80,80,80,80,80,80,80,80,80,80,80,80,80,80,77.503,80,80,80,80
31.25,64.017,65.757,67.555,69.418,71.349,73.355,75.438,77.605,79.86,80,80,80,80,80,80,80,80,80,80,80,80,80,80,80,80,80,80,80,80,80,80,80,80,80,80,80,80,80,80,80,80,80,80,80,80,80,80,80,80,80,80,80,80,80,80,80,80,80,80,80,80,80,80,80,80,80,80,80,80,80,80,80,80,80,80,80,80,80,80,80,80,80,80,80,80,80,80,80,80,80,80,80,80,80,78.752,40.05,80,80,80
31.5,65.367,67.133,68.958,70.847,72.806,74.84,76.953,79.149,80,80,80,80,80,80,80,80,80,80,80,80,80,80,80,80,80,80,80,80,80,80,80,80,80,80,80,80,80,80,80,80,80,80,80,80,80,80,80,80,80,80,80,80,80,80,80,80,80,80,80,80,80,80,80,80,80,80,80,80,80,80,80,80,80,80,80,80,80,80,80,80,80,80,80,80,80,80,80,80,80,80,80,80,80,80,79.999,79.955,80,80,80
31.75,66.734,68.526,70.377,72.293,74.28,76.342,78.484,80,80,80,80,80,80,80,80,80,80,80,80,80,80,80,80,80,80,80,80,80,80,80,80,80,80,80,80,80,80,80,80,80,80,80,80,80,80,80,80,80,80,80,80,80,80,80,80,80,80,80,80,80,80,80,80,80,80,80,80,80,80,80,80,80,80,80,80,80,80,80,80,80,80,80,80,80,80,80,80,80,80,80,80,80,80,80,80,69.612,80,80,80
32,68.117,69.935,71.812,73.755,75.77,77.86,80,80,80,80,80,80,80,80,80,80,80,80,80,80,80,80,80,80,80,80,80,80,80,80,80,80,80,80,80,80,80,80,80,80,80,80,80,80,80,80,80,80,80,80,80,80,80,80,80,80,80,80,80,80,80,80,80,80,80,80,80,80,80,80,80,80,80,80,80,80,80,80,80,80,80,80,80,80,80,80,80,80,80,80,80,80,80,80,79.999,64.994,80,80,80
32.25,69.516,71.359,73.263,75.234,77.276,79.396,80,80,80,80,80,80,80,80,80,80,80,80,80,80,80,80,80,80,80,80,80,80,80,80,80,80,80,80,80,80,80,80,80,80,80,80,80,80,80,80,80,80,80,80,80,80,80,80,80,80,80,80,80,80,80,80,80,80,80,80,80,80,80,80,80,80,80,80,80,80,80,80,80,80,80,80,80,80,80,80,80,80,80,80,80,80,80,80,80,76.82,80,80,80
32.5,70.931,72.8,74.731,76.729,78.799,80,80,80,80,80,80,80,80,80,80,80,80,80,80,80,80,80,80,80,80,80,80,80,80,80,80,80,80,80,80,80,80,80,80,80,80,80,80,80,80,80,80,80,80,80,80,80,80,80,80,80,80,80,80,80,80,80,80,80,80,80,80,80,80,80,80,80,80,80,80,80,80,80,80,80,80,80,80,80,80,80,80,80,80,80,80,80,80,80,79.958,74.849,80,80,80
32.75,72.361,74.257,76.215,78.24,80,80,80,80,80,80,80,80,80,80,80,80,80,80,80,80,80,80,80,80,80,80,80,80,80,80,80,80,80,80,80,80,80,80,80,80,80,80,80,80,80,80,80,80,80,80,80,80,80,80,80,80,80,80,80,80,80,80,80,80,80,80,80,80,80,80,80,80,80,80,80,80,80,80,80,80,80,80,80,80,80,80,80,80,80,80,80,80,80,80,77.501,80,29.745,80,80
33,73.808,75.731,77.715,79.768,80,80,80,80,80,80,80,80,80,80,80,80,80,80,80,80,80,80,80,80,80,80,80,80,80,80,80,80,80,80,80,80,80,80,80,80,80,80,80,80,80,80,80,80,80,80,80,80,80,80,80,80,80,80,80,80,80,80,80,80,80,80,80,80,80,80,80,80,80,80,80,80,80,80,80,80,80,80,80,80,80,80,80,80,80,80,80,80,80,80,79.973,39.972,80,80,80
33.25,75.271,77.22,79.232,80,80,80,80,80,80,80,80,80,80,80,80,80,80,80,80,80,80,80,80,80,80,80,80,80,80,80,80,80,80,80,80,80,80,80,80,80,80,80,80,80,80,80,80,80,80,80,80,80,80,80,80,80,80,80,80,80,80,80,80,80,80,80,80,80,80,80,80,80,80,80,80,80,80,80,80,80,80,80,80,80,80,80,80,80,80,80,80,80,80,79.688,79.371,72.419,36.265,80,80
33.5,76.75,78.726,80,80,80,80,80,80,80,80,80,80,80,80,80,80,80,80,80,80,80,80,80,80,80,80,80,80,80,80,80,80,80,80,80,80,80,80,80,80,80,80,80,80,80,80,80,80,80,80,80,80,80,80,80,80,80,80,80,80,80,80,80,80,80,80,80,80,80,80,80,80,80,80,80,80,80,80,80,80,80,80,80,80,80,80,80,80,80,80,80,80,80,80,79.961,59.915,80,80,80
33.75,78.245,80,80,80,80,80,80,80,80,80,80,80,80,80,80,80,80,80,80,80,80,80,80,80,80,80,80,80,80,80,80,80,80,80,80,80,80,80,80,80,80,80,80,80,80,80,80,80,80,80,80,80,80,80,80,80,80,80,80,80,80,80,80,80,80,80,80,80,80,80,80,80,80,80,80,80,80,80,80,80,80,80,80,80,80,80,80,80,80,80,80,80,80,80,74.85,80,80,80,80
34,79.756,80,80,80,80,80,80,80,80,80,80,80,80,80,80,80,80,80,80,80,80,80,80,80,80,80,80,80,80,80,80,80,80,80,80,80,80,80,80,80,80,80,80,80,80,80,80,80,80,80,80,80,80,80,80,80,80,80,80,80,80,80,80,80,80,80,80,80,80,80,80,80,80,80,80,80,80,80,80,80,80,80,80,80,80,80,80,80,80,80,80,80,80,80,79.935,54.036,80,80,80
34.25,80,80,80,80,80,80,80,80,80,80,80,80,80,80,80,80,80,80,80,80,80,80,80,80,80,80,80,80,80,80,80,80,80,80,80,80,80,80,80,80,80,80,80,80,80,80,80,80,80,80,80,80,80,80,80,80,80,80,80,80,80,80,80,80,80,80,80,80,80,80,80,80,80,80,80,80,80,80,80,80,80,80,80,80,80,80,80,80,80,80,80,80,80,80,79.824,80,80,80,80
34.5,80,80,80,80,80,80,80,80,80,80,80,80,80,80,80,80,80,80,80,80,80,80,80,80,80,80,80,80,80,80,80,80,80,80,80,80,80,80,80,80,80,80,80,80,80,80,80,80,80,80,80,80,80,80,80,80,80,80,80,80,80,80,80,80,80,80,80,80,80,80,80,80,80,80,80,80,80,80,80,80,80,80,80,80,80,80,80,80,80,80,80,80,80,80,79.988,80,80,80,80
34.75,80,80,80,80,80,80,80,80,80,80,80,80,80,80,80,80,80,80,80,80,80,80,80,80,80,80,80,80,80,80,80,80,80,80,80,80,80,80,80,80,80,80,80,80,80,80,80,80,80,80,80,80,80,80,80,80,80,80,80,80,80,80,80,80,80,80,80,80,80,80,80,80,80,80,80,80,80,80,80,80,80,80,80,80,80,80,80,80,80,80,80,80,80,80,77.503,40.04,80,80,80
35,80,80,80,80,80,80,80,80,80,80,80,80,80,80,80,80,80,80,80,80,80,80,80,80,80,80,80,80,80,80,80,80,80,80,80,80,80,80,80,80,80,80,80,80,80,80,80,80,80,80,80,80,80,80,80,80,80,80,80,80,80,80,80,80,80,80,80,80,80,80,80,80,80,80,80,80,80,80,80,80,80,80,80,80,80,80,80,80,80,80,80,80,80,80,77.774,80,80,80,80
35.25,80,80,80,80,80,80,80,80,80,80,80,80,80,80,80,80,80,80,80,80,80,80,80,80,80,80,80,80,80,80,80,80,80,80,80,80,80,80,80,80,80,80,80,80,80,80,80,80,80,80,80,80,80,80,80,80,80,80,80,80,80,80,80,80,80,80,80,80,80,80,80,80,80,80,80,80,80,80,80,80,80,80,80,80,80,80,80,80,80,80,80,80,80,80,74.967,80,80,80,80
35.5,80,80,80,80,80,80,80,80,80,80,80,80,80,80,80,80,80,80,80,80,80,80,80,80,80,80,80,80,80,80,80,80,80,80,80,80,80,80,80,80,80,80,80,80,80,80,80,80,80,80,80,80,80,80,80,80,80,80,80,80,80,80,80,80,80,80,80,80,80,80,80,80,80,80,80,80,80,80,80,80,80,80,80,80,80,80,80,80,80,80,80,80,80,80,75.006,80,80,80,80
35.75,80,80,80,80,80,80,80,80,80,80,80,80,80,80,80,80,80,80,80,80,80,80,80,80,80,80,80,80,80,80,80,80,80,80,80,80,80,80,80,80,80,80,80,80,80,80,80,80,80,80,80,80,80,80,80,80,80,80,80,80,80,80,80,80,80,80,80,80,80,80,80,80,80,80,80,80,80,80,80,80,80,80,80,80,80,80,80,80,80,80,80,80,80,79.99,79.063,80,80,80,80
36,80,80,80,80,80,80,80,80,80,80,80,80,80,80,80,80,80,80,80,80,80,80,80,80,80,80,80,80,80,80,80,80,80,80,80,80,80,80,80,80,80,80,80,80,80,80,80,80,80,80,80,80,80,80,80,80,80,80,80,80,80,80,80,80,80,80,80,80,80,80,80,80,80,80,80,80,80,80,80,80,80,80,80,80,80,80,80,80,80,80,80,80,80,79.999,79.841,80,80,80,80
36.25,80,80,80,80,80,80,80,80,80,80,80,80,80,80,80,80,80,80,80,80,80,80,80,80,80,80,80,80,80,80,80,80,80,80,80,80,80,80,80,80,80,80,80,80,80,80,80,80,80,80,80,80,80,80,80,80,80,80,80,80,80,80,80,80,80,80,80,80,80,80,80,80,80,80,80,80,80,80,80,80,80,80,80,80,80,80,80,80,80,80,80,80,80,80,78.752,80,80,80,80
36.5,80,80,80,80,80,80,80,80,80,80,80,80,80,80,80,80,80,80,80,80,80,80,80,80,80,80,80,80,80,80,80,80,80,80,80,80,80,80,80,80,80,80,80,80,80,80,80,80,80,80,80,80,80,80,80,80,80,80,80,80,80,80,80,80,80,80,80,80,80,80,80,80,80,80,80,80,80,80,80,80,80,80,80,80,80,80,80,80,80,80,80,80,80,80,77.328,80,80,80,80
36.75,80,80,80,80,80,80,80,80,80,80,80,80,80,80,80,80,80,80,80,80,80,80,80,80,80,80,80,80,80,80,80,80,80,80,80,80,80,80,80,80,80,80,80,80,80,80,80,80,80,80,80,80,80,80,80,80,80,80,80,80,80,80,80,80,80,80,80,80,80,80,80,80,80,80,80,80,80,80,80,80,80,80,80,80,80,80,80,80,80,80,80,80,80,79.998,79.376,80,80,80,80
37,80,80,80,80,80,80,80,80,80,80,80,80,80,80,80,80,80,80,80,80,80,80,80,80,80,80,80,80,80,80,80,80,80,80,80,80,80,80,80,80,80,80,80,80,80,80,80,80,80,80,80,80,80,80,80,80,80,80,80,80,80,80,80,80,80,80,80,80,80,80,80,80,80,80,80,80,80,80,80,80,80,80,80,80,80,80,80,80,80,80,80,80,80,80,76.867,58.152,80,80,80
37.25,80,80,80,80,80,80,80,80,80,80,80,80,80,80,80,80,80,80,80,80,80,80,80,80,80,80,80,80,80,80,80,80,80,80,80,80,80,80,80,80,80,80,80,80,80,80,80,80,80,80,80,80,80,80,80,80,80,80,80,80,80,80,80,80,80,80,80,80,80,80,80,80,80,80,80,80,80,80,80,80,80,80,80,80,80,80,80,80,80,80,80,80,80,80,79.446,60.025,80,80,80
37.5,80,80,80,80,80,80,80,80,80,80,80,80,80,80,80,80,80,80,80,80,80,80,80,80,80,80,80,80,80,80,80,80,80,80,80,80,80,80,80,80,80,80,80,80,80,80,80,80,80,80,80,80,80,80,80,80,80,80,80,80,80,80,80,80,80,80,80,80,80,80,80,80,80,80,80,80,80,80,80,80,80,80,80,80,80,80,80,80,80,80,80,80,80,80,68.118,39.931,80,80,80
37.75,80,80,80,80,80,80,80,80,80,80,80,80,80,80,80,80,80,80,80,80,80,80,80,80,80,80,80,80,80,80,80,80,80,80,80,80,80,80,80,80,80,80,80,80,80,80,80,80,80,80,80,80,80,80,80,80,80,80,80,80,80,80,80,80,80,80,80,80,80,80,80,80,80,80,80,80,80,80,80,80,80,80,80,80,80,80,80,80,80,80,80,80,80,79.376,79.355,80,80,80,80
38,80,80,80,80,80,80,80,80,80,80,80,80,80,80,80,80,80,80,80,80,80,80,80,80,80,80,80,80,80,80,80,80,80,80,80,80,80,80,80,80,80,80,80,80,80,80,80,80,80,80,80,80,80,80,80,80,80,80,80,80,80,80,80,80,80,80,80,80,80,80,80,80,80,80,80,80,80,80,80,80,80,80,80,80,80,80,80,80,80,80,80,80,80,74.982,77.18,39.999,80,80,80
38.25,80,80,80,80,80,80,80,80,80,80,80,80,80,80,80,80,80,80,80,80,80,80,80,80,80,80,80,80,80,80,80,80,80,80,80,80,80,80,80,80,80,80,80,80,80,80,80,80,80,80,80,80,80,80,80,80,80,80,80,80,80,80,80,80,80,80,80,80,80,80,80,80,80,80,80,80,80,80,80,80,80,80,80,80,80,80,80,80,80,80,80,80,80,80,79.687,39.707,80,80,80
38.5,80,80,80,80,80,80,80,80,80,80,80,80,80,80,80,80,80,80,80,80,80,80,80,80,80,80,80,80,80,80,80,80,80,80,80,80,80,80,80,80,80,80,80,80,80,80,80,80,80,80,80,80,80,80,80,80,80,80,80,80,80,80,80,80,80,80,80,80,80,80,80,80,80,80,80,80,80,80,80,80,80,80,80,80,80,80,80,80,80,80,80,80,80,77.501,58.461,80,80,80,80
38.75,80,80,80,80,80,80,80,80,80,80,80,80,80,80,80,80,80,80,80,80,80,80,80,80,80,80,80,80,80,80,80,80,80,80,80,80,80,80,80,80,80,80,80,80,80,80,80,80,80,80,80,80,80,80,80,80,80,80,80,80,80,80,80,80,80,80,80,80,80,80,80,80,80,80,80,80,80,80,80,80,80,80,80,80,80,80,80,80,80,80,80,80,80,79.668,48.788,80,80,80,80
39,80,80,80,80,80,80,80,80,80,80,80,80,80,80,80,80,80,80,80,80,80,80,80,80,80,80,80,80,80,80,80,80,80,80,80,80,80,80,80,80,80,80,80,80,80,80,80,80,80,80,80,80,80,80,80,80,80,80,80,80,80,80,80,80,80,80,80,80,80,80,80,80,80,80,80,80,80,80,80,80,80,80,80,80,80,80,80,80,80,80,80,80,80,79.61,79.994,80,80,80,80
39.25,80,80,80,80,80,80,80,80,80,80,80,80,80,80,80,80,80,80,80,80,80,80,80,80,80,80,80,80,80,80,80,80,80,80,80,80,80,80,80,80,80,80,80,80,80,80,80,80,80,80,80,80,80,80,80,80,80,80,80,80,80,80,80,80,80,80,80,80,80,80,80,80,80,80,80,80,80,80,80,80,80,80,80,80,80,80,80,80,80,80,80,80,80,79.844,59.634,80,80,80,80
39.5,80,80,80,80,80,80,80,80,80,80,80,80,80,80,80,80,80,80,80,80,80,80,80,80,80,80,80,80,80,80,80,80,80,80,80,80,80,80,80,80,80,80,80,80,80,80,80,80,80,80,80,80,80,80,80,80,80,80,80,80,80,80,80,80,80,80,80,80,80,80,80,80,80,80,80,80,80,80,80,80,80,80,80,80,80,80,80,80,80,80,80,80,80,79.688,50.037,80,80,80,80
39.75,80,80,80,80,80,80,80,80,80,80,80,80,80,80,80,80,80,80,80,80,80,80,80,80,80,80,80,80,80,80,80,80,80,80,80,80,80,80,80,80,80,80,80,80,80,80,80,80,80,80,80,80,80,80,80,80,80,80,80,80,80,80,80,80,80,80,80,80,80,80,80,80,80,80,80,80,80,80,80,80,80,80,80,80,80,80,80,80,80,80,80,80,80,80,79.687,80,80,80,80
40,80,80,80,80,80,80,80,80,80,80,80,80,80,80,80,80,80,80,80,80,80,80,80,80,80,80,80,80,80,80,80,80,80,80,80,80,80,80,80,80,80,80,80,80,80,80,80,80,80,80,80,80,80,80,80,80,80,80,80,80,80,80,80,80,80,80,80,80,80,80,80,80,80,80,80,80,80,80,80,80,80,80,80,80,80,80,80,80,80,80,80,80,80,79.988,59.868,80,80,80,80
40.25,80,80,80,80,80,80,80,80,80,80,80,80,80,80,80,80,80,80,80,80,80,80,80,80,80,80,80,80,80,80,80,80,80,80,80,80,80,80,80,80,80,80,80,80,80,80,80,80,80,80,80,80,80,80,80,80,80,80,80,80,80,80,80,80,80,80,80,80,80,80,80,80,80,80,80,80,80,80,80,80,80,80,80,80,80,80,80,80,80,80,80,80,80,79.98,79.833,39.384,80,80,80
40.5,80,80,80,80,80,80,80,80,80,80,80,80,80,80,80,80,80,80,80,80,80,80,80,80,80,80,80,80,80,80,80,80,80,80,80,80,80,80,80,80,80,80,80,80,80,80,80,80,80,80,80,80,80,80,80,80,80,80,80,80,80,80,80,80,80,80,80,80,80,80,80,80,80,80,80,80,80,80,80,80,80,80,80,80,80,80,80,80,80,80,80,80,80,78.75,79.961,80,80,80,80
40.75,80,80,80,80,80,80,80,80,80,80,80,80,80,80,80,80,80,80,80,80,80,80,80,80,80,80,80,80,80,80,80,80,80,80,80,80,80,80,80,80,80,80,80,80,80,80,80,80,80,80,80,80,80,80,80,80,80,80,80,80,80,80,80,80,80,80,80,80,80,80,80,80,80,80,80,80,80,80,80,80,80,80,80,80,80,80,80,80,80,80,80,80,80,79.678,68.43,80,80,80,80
41,80,80,80,80,80,80,80,80,80,80,80,80,80,80,80,80,80,80,80,80,80,80,80,80,80,80,80,80,80,80,80,80,80,80,80,80,80,80,80,80,80,80,80,80,80,80,80,80,80,80,80,80,80,80,80,80,80,80,80,80,80,80,80,80,80,80,80,80,80,80,80,80,80,80,80,80,80,80,80,80,80,80,80,80,80,80,80,80,80,80,80,80,80,79.376,80,80,80,80,80
41.25,80,80,80,80,80,80,80,80,80,80,80,80,80,80,80,80,80,80,80,80,80,80,80,80,80,80,80,80,80,80,80,80,80,80,80,80,80,80,80,80,80,80,80,80,80,80,80,80,80,80,80,80,80,80,80,80,80,80,80,80,80,80,80,80,80,80,80,80,80,80,80,80,80,80,80,80,80,80,80,80,80,80,80,80,80,80,80,80,80,80,80,80,80,69.973,69.961,80,80,80,80
41.5,80,80,80,80,80,80,80,80,80,80,80,80,80,80,80,80,80,80,80,80,80,80,80,80,80,80,80,80,80,80,80,80,80,80,80,80,80,80,80,80,80,80,80,80,80,80,80,80,80,80,80,80,80,80,80,80,80,80,80,80,80,80,80,80,80,80,80,80,80,80,80,80,80,80,80,80,80,80,80,80,80,80,80,80,80,80,80,80,80,80,80,80,80,80,80,80,80,80,80
41.75,80,80,80,80,80,80,80,80,80,80,80,80,80,80,80,80,80,80,80,80,80,80,80,80,80,80,80,80,80,80,80,80,80,80,80,80,80,80,80,80,80,80,80,80,80,80,80,80,80,80,80,80,80,80,80,80,80,80,80,80,80,80,80,80,80,80,80,80,80,80,80,80,80,80,80,80,80,80,80,80,80,80,80,80,80,80,80,80,80,80,80,80,80,75.003,80,80,80,80,80
42,80,80,80,80,80,80,80,80,80,80,80,80,80,80,80,80,80,80,80,80,80,80,80,80,80,80,80,80,80,80,80,80,80,80,80,80,80,80,80,80,80,80,80,80,80,80,80,80,80,80,80,80,80,80,80,80,80,80,80,80,80,80,80,80,80,80,80,80,80,80,80,80,80,80,80,80,80,80,80,80,80,80,80,80,80,80,80,80,80,80,80,80,80,80,67.779,80,80,80,80
42.25,80,80,80,80,80,80,80,80,80,80,80,80,80,80,80,80,80,80,80,80,80,80,80,80,80,80,80,80,80,80,80,80,80,80,80,80,80,80,80,80,80,80,80,80,80,80,80,80,80,80,80,80,80,80,80,80,80,80,80,80,80,80,80,80,80,80,80,80,80,80,80,80,80,80,80,80,80,80,80,80,80,80,80,80,80,80,80,80,80,80,80,80,80,75.942,80,80,80,80,80
42.5,80,80,80,80,80,80,80,80,80,80,80,80,80,80,80,80,80,80,80,80,80,80,80,80,80,80,80,80,80,80,80,80,80,80,80,80,80,80,80,80,80,80,80,80,80,80,80,80,80,80,80,80,80,80,80,80,80,80,80,80,80,80,80,80,80,80,80,80,80,80,80,80,80,80,80,80,80,80,80,80,80,80,80,80,80,80,80,80,80,80,80,80,79.688,74.883,80,80,80,80,80
42.75,80,80,80,80,80,80,80,80,80,80,80,80,80,80,80,80,80,80,80,80,80,80,80,80,80,80,80,80,80,80,80,80,80,80,80,80,80,80,80,80,80,80,80,80,80,80,80,80,80,80,80,80,80,80,80,80,80,80,80,80,80,80,80,80,80,80,80,80,80,80,80,80,80,80,80,80,80,80,80,80,80,80,80,80,80,80,80,80,80,80,80,80,80,80,80,80,80,80,80
43,80,80,80,80,80,80,80,80,80,80,80,80,80,80,80,80,80,80,80,80,80,80,80,80,80,80,80,80,80,80,80,80,80,80,80,80,80,80,80,80,80,80,80,80,80,80,80,80,80,80,80,80,80,80,80,80,80,80,80,80,80,80,80,80,80,80,80,80,80,80,80,80,80,80,80,80,80,80,80,80,80,80,80,80,80,80,80,80,80,80,80,80,79.999,78.589,70.008,80,80,80,80
43.25,80,80,80,80,80,80,80,80,80,80,80,80,80,80,80,80,80,80,80,80,80,80,80,80,80,80,80,80,80,80,80,80,80,80,80,80,80,80,80,80,80,80,80,80,80,80,80,80,80,80,80,80,80,80,80,80,80,80,80,80,80,80,80,80,80,80,80,80,80,80,80,80,80,80,80,80,80,80,80,80,80,80,80,80,80,80,80,80,80,80,80,80,80,79.415,80,39.737,80,80,80
43.5,80,80,80,80,80,80,80,80,80,80,80,80,80,80,80,80,80,80,80,80,80,80,80,80,80,80,80,80,80,80,80,80,80,80,80,80,80,80,80,80,80,80,80,80,80,80,80,80,80,80,80,80,80,80,80,80,80,80,80,80,80,80,80,80,80,80,80,80,80,80,80,80,80,80,80,80,80,80,80,80,80,80,80,80,80,80,80,80,80,80,80,80,80,74.38,80,80,80,80,80
43.75,80,80,80,80,80,80,80,80,80,80,80,80,80,80,80,80,80,80,80,80,80,80,80,80,80,80,80,80,80,80,80,80,80,80,80,80,80,80,80,80,80,80,80,80,80,80,80,80,80,80,80,80,80,80,80,80,80,80,80,80,80,80,80,80,80,80,80,80,80,80,80,80,80,80,80,80,80,80,80,80,80,80,80,80,80,80,80,80,80,80,80,80,79.995,67.515,80,80,80,80,80
44,80,80,80,80,80,80,80,80,80,80,80,80,80,80,80,80,80,80,80,80,80,80,80,80,80,80,80,80,80,80,80,80,80,80,80,80,80,80,80,80,80,80,80,80,80,80,80,80,80,80,80,80,80,80,80,80,80,80,80,80,80,80,80,80,80,80,80,80,80,80,80,80,80,80,80,80,80,80,80,80,80,80,80,80,80,80,80,80,80,80,80,80,80,79.97,80,80,80,80,80
44.25,80,80,80,80,80,80,80,80,80,80,80,80,80,80,80,80,80,80,80,80,80,80,80,80,80,80,80,80,80,80,80,80,80,80,80,80,80,80,80,80,80,80,80,80,80,80,80,80,80,80,80,80,80,80,80,80,80,80,80,80,80,80,80,80,80,80,80,80,80,80,80,80,80,80,80,80,80,80,80,80,80,80,80,80,80,80,80,80,80,80,80,80,80,74.85,80,80,80,80,80
44.5,80,80,80,80,80,80,80,80,80,80,80,80,80,80,80,80,80,80,80,80,80,80,80,80,80,80,80,80,80,80,80,80,80,80,80,80,80,80,80,80,80,80,80,80,80,80,80,80,80,80,80,80,80,80,80,80,80,80,80,80,80,80,80,80,80,80,80,80,80,80,80,80,80,80,80,80,80,80,80,80,80,80,80,80,80,80,80,80,80,80,80,80,80,79.776,80,80,80,80,80
44.75,80,80,80,80,80,80,80,80,80,80,80,80,80,80,80,80,80,80,80,80,80,80,80,80,80,80,80,80,80,80,80,80,80,80,80,80,80,80,80,80,80,80,80,80,80,80,80,80,80,80,80,80,80,80,80,80,80,80,80,80,80,80,80,80,80,80,80,80,80,80,80,80,80,80,80,80,80,80,80,80,80,80,80,80,80,80,80,80,80,80,80,80,79.999,60.025,59.596,80,80,80,80
45,80,80,80,80,80,80,80,80,80,80,80,80,80,80,80,80,80,80,80,80,80,80,80,80,80,80,80,80,80,80,80,80,80,80,80,80,80,80,80,80,80,80,80,80,80,80,80,80,80,80,80,80,80,80,80,80,80,80,80,80,80,80,80,80,80,80,80,80,80,80,80,80,80,80,80,80,80,80,80,80,80,80,80,80,80,80,80,80,80,80,80,80,79.98,67.435,40.048,80,80,80,80
45.25,80,80,80,80,80,80,80,80,80,80,80,80,80,80,80,80,80,80,80,80,80,80,80,80,80,80,80,80,80,80,80,80,80,80,80,80,80,80,80,80,80,80,80,80,80,80,80,80,80,80,80,80,80,80,80,80,80,80,80,80,80,80,80,80,80,80,80,80,80,80,80,80,80,80,80,80,80,80,80,80,80,80,80,80,80,80,80,80,80,80,80,80,78.127,79.98,50.037,80,80,80,80
45.5,80,80,80,80,80,80,80,80,80,80,80,80,80,80,80,80,80,80,80,80,80,80,80,80,80,80,80,80,80,80,80,80,80,80,80,80,80,80,80,80,80,80,80,80,80,80,80,80,80,80,80,80,80,80,80,80,80,80,80,80,80,80,80,80,80,80,80,80,80,80,80,80,80,80,80,80,80,80,80,80,80,80,80,80,80,80,80,80,80,80,80,80,79.997,69.307,80,80,80,80,80
45.75,80,80,80,80,80,80,80,80,80,80,80,80,80,80,80,80,80,80,80,80,80,80,80,80,80,80,80,80,80,80,80,80,80,80,80,80,80,80,80,80,80,80,80,80,80,80,80,80,80,80,80,80,80,80,80,80,80,80,80,80,80,80,80,80,80,80,80,80,80,80,80,80,80,80,80,80,80,80,80,80,80,80,80,80,80,80,80,80,80,80,80,80,79.98,79.998,80,80,80,80,80
46,80,80,80,80,80,80,80,80,80,80,80,80,80,80,80,80,80,80,80,80,80,80,80,80,80,80,80,80,80,80,80,80,80,80,80,80,80,80,80,80,80,80,80,80,80,80,80,80,80,80,80,80,80,80,80,80,80,80,80,80,80,80,80,80,80,80,80,80,80,80,80,80,80,80,80,80,80,80,80,80,80,80,80,80,80,80,80,80,80,80,80,80,80,60.025,80,80,80,80,80
46.25,80,80,80,80,80,80,80,80,80,80,80,80,80,80,80,80,80,80,80,80,80,80,80,80,80,80,80,80,80,80,80,80,80,80,80,80,80,80,80,80,80,80,80,80,80,80,80,80,80,80,80,80,80,80,80,80,80,80,80,80,80,80,80,80,80,80,80,80,80,80,80,80,80,80,80,80,80,80,80,80,80,80,80,80,80,80,80,80,80,80,80,80,80,78.751,80,80,80,80,80
46.5,80,80,80,80,80,80,80,80,80,80,80,80,80,80,80,80,80,80,80,80,80,80,80,80,80,80,80,80,80,80,80,80,80,80,80,80,80,80,80,80,80,80,80,80,80,80,80,80,80,80,80,80,80,80,80,80,80,80,80,80,80,80,80,80,80,80,80,80,80,80,80,80,80,80,80,80,80,80,80,80,80,80,80,80,80,80,80,80,80,80,80,80,80,69.808,80,80,80,80,80
46.75,80,80,80,80,80,80,80,80,80,80,80,80,80,80,80,80,80,80,80,80,80,80,80,80,80,80,80,80,80,80,80,80,80,80,80,80,80,80,80,80,80,80,80,80,80,80,80,80,80,80,80,80,80,80,80,80,80,80,80,80,80,80,80,80,80,80,80,80,80,80,80,80,80,80,80,80,80,80,80,80,80,80,80,80,80,80,80,80,80,80,80,80,80,69.269,80,80,80,80,80
47,80,80,80,80,80,80,80,80,80,80,80,80,80,80,80,80,80,80,80,80,80,80,80,80,80,80,80,80,80,80,80,80,80,80,80,80,80,80,80,80,80,80,80,80,80,80,80,80,80,80,80,80,80,80,80,80,80,80,80,80,80,80,80,80,80,80,80,80,80,80,80,80,80,80,80,80,80,80,80,80,80,80,80,80,80,80,80,80,80,80,80,80,79.687,69.069,80,80,80,80,80
47.25,80,80,80,80,80,80,80,80,80,80,80,80,80,80,80,80,80,80,80,80,80,80,80,80,80,80,80,80,80,80,80,80,80,80,80,80,80,80,80,80,80,80,80,80,80,80,80,80,80,80,80,80,80,80,80,80,80,80,80,80,80,80,80,80,80,80,80,80,80,80,80,80,80,80,80,80,80,80,80,80,80,80,80,80,80,80,80,80,80,80,80,80,79.688,60.005,40.046,80,80,80,80
47.5,80,80,80,80,80,80,80,80,80,80,80,80,80,80,80,80,80,80,80,80,80,80,80,80,80,80,80,80,80,80,80,80,80,80,80,80,80,80,80,80,80,80,80,80,80,80,80,80,80,80,80,80,80,80,80,80,80,80,80,80,80,80,80,80,80,80,80,80,80,80,80,80,80,80,80,80,80,80,80,80,80,80,80,80,80,80,80,80,80,80,80,80,80,68.685,80,80,80,80,80
47.75,80,80,80,80,80,80,80,80,80,80,80,80,80,80,80,80,80,80,80,80,80,80,80,80,80,80,80,80,80,80,80,80,80,80,80,80,80,80,80,80,80,80,80,80,80,80,80,80,80,80,80,80,80,80,80,80,80,80,80,80,80,80,80,80,80,80,80,80,80,80,80,80,80,80,80,80,80,80,80,80,80,80,80,80,80,80,80,80,80,80,80,80,80,74.743,80,80,80,80,80
48,80,80,80,80,80,80,80,80,80,80,80,80,80,80,80,80,80,80,80,80,80,80,80,80,80,80,80,80,80,80,80,80,80,80,80,80,80,80,80,80,80,80,80,80,80,80,80,80,80,80,80,80,80,80,80,80,80,80,80,80,80,80,80,80,80,80,80,80,80,80,80,80,80,80,80,80,80,80,80,80,80,80,80,80,80,80,80,80,80,80,80,80,79.841,69.339,20.075,80,80,80,80
48.25,80,80,80,80,80,80,80,80,80,80,80,80,80,80,80,80,80,80,80,80,80,80,80,80,80,80,80,80,80,80,80,80,80,80,80,80,80,80,80,80,80,80,80,80,80,80,80,80,80,80,80,80,80,80,80,80,80,80,80,80,80,80,80,80,80,80,80,80,80,80,80,80,80,80,80,80,80,80,80,80,80,80,80,80,80,80,80,80,80,80,80,80,79.997,53.626,80,80,80,80,80
48.5,80,80,80,80,80,80,80,80,80,80,80,80,80,80,80,80,80,80,80,80,80,80,80,80,80,80,80,80,80,80,80,80,80,80,80,80,80,80,80,80,80,80,80,80,80,80,80,80,80,80,80,80,80,80,80,80,80,80,80,80,80,80,80,80,80,80,80,80,80,80,80,80,80,80,80,80,80,80,80,80,80,80,80,80,80,80,80,80,80,80,80,80,79.844,55.031,36.456,80,80,80,80
48.75,80,80,80,80,80,80,80,80,80,80,80,80,80,80,80,80,80,80,80,80,80,80,80,80,80,80,80,80,80,80,80,80,80,80,80,80,80,80,80,80,80,80,80,80,80,80,80,80,80,80,80,80,80,80,80,80,80,80,80,80,80,80,80,80,80,80,80,80,80,80,80,80,80,80,80,80,80,80,80,80,80,80,80,80,80,80,80,80,80,80,80,79.844,76.879,52.144,80,80,80,80,80
49,80,80,80,80,80,80,80,80,80,80,80,80,80,80,80,80,80,80,80,80,80,80,80,80,80,80,80,80,80,80,80,80,80,80,80,80,80,80,80,80,80,80,80,80,80,80,80,80,80,80,80,80,80,80,80,80,80,80,80,80,80,80,80,80,80,80,80,80,80,80,80,80,80,80,80,80,80,80,80,80,80,80,80,80,80,80,80,80,80,80,80,80,78.731,60.008,34.743,80,80,80,80
49.25,80,80,80,80,80,80,80,80,80,80,80,80,80,80,80,80,80,80,80,80,80,80,80,80,80,80,80,80,80,80,80,80,80,80,80,80,80,80,80,80,80,80,80,80,80,80,80,80,80,80,80,80,80,80,80,80,80,80,80,80,80,80,80,80,80,80,80,80,80,80,80,80,80,80,80,80,80,80,80,80,80,80,80,80,80,80,80,80,80,80,80,80,80,67.511,80,80,80,80,80
49.5,80,80,80,80,80,80,80,80,80,80,80,80,80,80,80,80,80,80,80,80,80,80,80,80,80,80,80,80,80,80,80,80,80,80,80,80,80,80,80,80,80,80,80,80,80,80,80,80,80,80,80,80,80,80,80,80,80,80,80,80,80,80,80,80,80,80,80,80,80,80,80,80,80,80,80,80,80,80,80,80,80,80,80,80,80,80,80,80,80,80,80,80,77.346,74.361,80,80,80,80,80
49.75,80,80,80,80,80,80,80,80,80,80,80,80,80,80,80,80,80,80,80,80,80,80,80,80,80,80,80,80,80,80,80,80,80,80,80,80,80,80,80,80,80,80,80,80,80,80,80,80,80,80,80,80,80,80,80,80,80,80,80,80,80,80,80,80,80,80,80,80,80,80,80,80,80,80,80,80,80,80,80,80,80,80,80,80,80,80,80,80,80,80,80,79.98,79.994,71.96,80,80,80,80,80
50,80,80,80,80,80,80,80,80,80,80,80,80,80,80,80,80,80,80,80,80,80,80,80,80,80,80,80,80,80,80,80,80,80,80,80,80,80,80,80,80,80,80,80,80,80,80,80,80,80,80,80,80,80,80,80,80,80,80,80,80,80,80,80,80,80,80,80,80,80,80,80,80,80,80,80,80,80,80,80,80,80,80,80,80,80,80,80,80,80,80,80,80,70.01,80,80,80,80,80,80
50.25,80,80,80,80,80,80,80,80,80,80,80,80,80,80,80,80,80,80,80,80,80,80,80,80,80,80,80,80,80,80,80,80,80,80,80,80,80,80,80,80,80,80,80,80,80,80,80,80,80,80,80,80,80,80,80,80,80,80,80,80,80,80,80,80,80,80,80,80,80,80,80,80,80,80,80,80,80,80,80,80,80,80,80,80,80,80,80,80,80,80,80,80,59.986,74.967,39.971,80,80,80,80
50.5,80,80,80,80,80,80,80,80,80,80,80,80,80,80,80,80,80,80,80,80,80,80,80,80,80,80,80,80,80,80,80,80,80,80,80,80,80,80,80,80,80,80,80,80,80,80,80,80,80,80,80,80,80,80,80,80,80,80,80,80,80,80,80,80,80,80,80,80,80,80,80,80,80,80,80,80,80,80,80,80,80,80,80,80,80,80,80,80,80,80,80,79.912,70.012,47.54,80,80,80,80,80
50.75,80,80,80,80,80,80,80,80,80,80,80,80,80,80,80,80,80,80,80,80,80,80,80,80,80,80,80,80,80,80,80,80,80,80,80,80,80,80,80,80,80,80,80,80,80,80,80,80,80,80,80,80,80,80,80,80,80,80,80,80,80,80,80,80,80,80,80,80,80,80,80,80,80,80,80,80,80,80,80,80,80,80,80,80,80,80,80,80,80,80,80,79.99,77.498,59.062,80,80,80,80,80
51,80,80,80,80,80,80,80,80,80,80,80,80,80,80,80,80,80,80,80,80,80,80,80,80,80,80,80,80,80,80,80,80,80,80,80,80,80,80,80,80,80,80,80,80,80,80,80,80,80,80,80,80,80,80,80,80,80,80,80,80,80,80,80,80,80,80,80,80,80,80,80,80,80,80,80,80,80,80,80,80,80,80,80,80,80,80,80,80,80,80,80,80,78.594,74.811,40.011,80,80,80,80
51.25,80,80,80,80,80,80,80,80,80,80,80,80,80,80,80,80,80,80,80,80,80,80,80,80,80,80,80,80,80,80,80,80,80,80,80,80,80,80,80,80,80,80,80,80,80,80,80,80,80,80,80,80,80,80,80,80,80,80,80,80,80,80,80,80,80,80,80,80,80,80,80,80,80,80,80,80,80,80,80,80,80,80,80,80,80,80,80,80,80,80,80,77.503,74.343,66.716,80,80,80,80,80
51.5,80,80,80,80,80,80,80,80,80,80,80,80,80,80,80,80,80,80,80,80,80,80,80,80,80,80,80,80,80,80,80,80,80,80,80,80,80,80,80,80,80,80,80,80,80,80,80,80,80,80,80,80,80,80,80,80,80,80,80,80,80,80,80,80,80,80,80,80,80,80,80,80,80,80,80,80,80,80,80,80,80,80,80,80,80,80,80,80,80,80,80,80,70.012,54.952,80,80,80,80,80
51.75,80,80,80,80,80,80,80,80,80,80,80,80,80,80,80,80,80,80,80,80,80,80,80,80,80,80,80,80,80,80,80,80,80,80,80,80,80,80,80,80,80,80,80,80,80,80,80,80,80,80,80,80,80,80,80,80,80,80,80,80,80,80,80,80,80,80,80,80,80,80,80,80,80,80,80,80,80,80,80,80,80,80,80,80,80,80,80,80,80,80,80,78.752,79.353,50.033,80,80,80,80,80
52,80,80,80,80,80,80,80,80,80,80,80,80,80,80,80,80,80,80,80,80,80,80,80,80,80,80,80,80,80,80,80,80,80,80,80,80,80,80,80,80,80,80,80,80,80,80,80,80,80,80,80,80,80,80,80,80,80,80,80,80,80,80,80,80,80,80,80,80,80,80,80,80,80,80,80,80,80,80,80,80,80,80,80,80,80,80,80,80,80,80,80,79.98,75.941,80,80,80,80,80,80
52.25,80,80,80,80,80,80,80,80,80,80,80,80,80,80,80,80,80,80,80,80,80,80,80,80,80,80,80,80,80,80,80,80,80,80,80,80,80,80,80,80,80,80,80,80,80,80,80,80,80,80,80,80,80,80,80,80,80,80,80,80,80,80,80,80,80,80,80,80,80,80,80,80,80,80,80,80,80,80,80,80,80,80,80,80,80,80,80,80,80,80,80,79.824,74.533,35.015,80,80,80,80,80
52.5,80,80,80,80,80,80,80,80,80,80,80,80,80,80,80,80,80,80,80,80,80,80,80,80,80,80,80,80,80,80,80,80,80,80,80,80,80,80,80,80,80,80,80,80,80,80,80,80,80,80,80,80,80,80,80,80,80,80,80,80,80,80,80,80,80,80,80,80,80,80,80,80,80,80,80,80,80,80,80,80,80,80,80,80,80,80,80,80,80,80,80,79.688,79.843,80,80,80,80,80,80
52.75,80,80,80,80,80,80,80,80,80,80,80,80,80,80,80,80,80,80,80,80,80,80,80,80,80,80,80,80,80,80,80,80,80,80,80,80,80,80,80,80,80,80,80,80,80,80,80,80,80,80,80,80,80,80,80,80,80,80,80,80,80,80,80,80,80,80,80,80,80,80,80,80,80,80,80,80,80,80,80,80,80,80,80,80,80,80,80,80,80,80,80,79.99,74.206,69.699,80,80,80,80,80
53,80,80,80,80,80,80,80,80,80,80,80,80,80,80,80,80,80,80,80,80,80,80,80,80,80,80,80,80,80,80,80,80,80,80,80,80,80,80,80,80,80,80,80,80,80,80,80,80,80,80,80,80,80,80,80,80,80,80,80,80,80,80,80,80,80,80,80,80,80,80,80,80,80,80,80,80,80,80,80,80,80,80,80,80,80,80,80,80,80,80,80,80,79.98,80,39.035,80,80,80,80
53.25,80,80,80,80,80,80,80,80,80,80,80,80,80,80,80,80,80,80,80,80,80,80,80,80,80,80,80,80,80,80,80,80,80,80,80,80,80,80,80,80,80,80,80,80,80,80,80,80,80,80,80,80,80,80,80,80,80,80,80,80,80,80,80,80,80,80,80,80,80,80,80,80,80,80,80,80,80,80,80,80,80,80,80,80,80,80,80,80,80,80,80,77.464,74.859,80,80,80,80,80,80
53.5,80,80,80,80,80,80,80,80,80,80,80,80,80,80,80,80,80,80,80,80,80,80,80,80,80,80,80,80,80,80,80,80,80,80,80,80,80,80,80,80,80,80,80,80,80,80,80,80,80,80,80,80,80,80,80,80,80,80,80,80,80,80,80,80,80,80,80,80,80,80,80,80,80,80,80,80,80,80,80,80,80,80,80,80,80,80,80,80,80,80,80,79.922,69.388,30.062,17.265,80,80,80,80
53.75,80,80,80,80,80,80,80,80,80,80,80,80,80,80,80,80,80,80,80,80,80,80,80,80,80,80,80,80,80,80,80,80,80,80,80,80,80,80,80,80,80,80,80,80,80,80,80,80,80,80,80,80,80,80,80,80,80,80,80,80,80,80,80,80,80,80,80,80,80,80,80,80,80,80,80,80,80,80,80,80,80,80,80,80,80,80,80,80,80,80,80,80,67.435,80,80,80,80,80,80
54,80,80,80,80,80,80,80,80,80,80,80,80,80,80,80,80,80,80,80,80,80,80,80,80,80,80,80,80,80,80,80,80,80,80,80,80,80,80,80,80,80,80,80,80,80,80,80,80,80,80,80,80,80,80,80,80,80,80,80,80,80,80,80,80,80,80,80,80,80,80,80,80,80,80,80,80,80,80,80,80,80,80,80,80,80,80,80,80,80,80,80,79.376,77.438,80,80,80,80,80,80
54.25,80,80,80,80,80,80,80,80,80,80,80,80,80,80,80,80,80,80,80,80,80,80,80,80,80,80,80,80,80,80,80,80,80,80,80,80,80,80,80,80,80,80,80,80,80,80,80,80,80,80,80,80,80,80,80,80,80,80,80,80,80,80,80,80,80,80,80,80,80,80,80,80,80,80,80,80,80,80,80,80,80,80,80,80,80,80,80,80,80,80,80,79.995,64.939,59.995,80,80,80,80,80
54.5,80,80,80,80,80,80,80,80,80,80,80,80,80,80,80,80,80,80,80,80,80,80,80,80,80,80,80,80,80,80,80,80,80,80,80,80,80,80,80,80,80,80,80,80,80,80,80,80,80,80,80,80,80,80,80,80,80,80,80,80,80,80,80,80,80,80,80,80,80,80,80,80,80,80,80,80,80,80,80,80,80,80,80,80,80,80,80,80,80,80,80,78.752,79.998,60.019,80,80,80,80,80
54.75,80,80,80,80,80,80,80,80,80,80,80,80,80,80,80,80,80,80,80,80,80,80,80,80,80,80,80,80,80,80,80,80,80,80,80,80,80,80,80,80,80,80,80,80,80,80,80,80,80,80,80,80,80,80,80,80,80,80,80,80,80,80,80,80,80,80,80,80,80,80,80,80,80,80,80,80,80,80,80,80,80,80,80,80,80,80,80,80,80,80,80,79.98,55.031,80,80,80,80,80,80
55,80,80,80,80,80,80,80,80,80,80,80,80,80,80,80,80,80,80,80,80,80,80,80,80,80,80,80,80,80,80,80,80,80,80,80,80,80,80,80,80,80,80,80,80,80,80,80,80,80,80,80,80,80,80,80,80,80,80,80,80,80,80,80,80,80,80,80,80,80,80,80,80,80,80,80,80,80,80,80,80,80,80,80,80,80,80,80,80,80,80,80,80,69.339,80,80,80,80,80,80
55.25,80,80,80,80,80,80,80,80,80,80,80,80,80,80,80,80,80,80,80,80,80,80,80,80,80,80,80,80,80,80,80,80,80,80,80,80,80,80,80,80,80,80,80,80,80,80,80,80,80,80,80,80,80,80,80,80,80,80,80,80,80,80,80,80,80,80,80,80,80,80,80,80,80,80,80,80,80,80,80,80,80,80,80,80,80,80,80,80,80,80,80,80,79.829,55.03,80,80,80,80,80
55.5,80,80,80,80,80,80,80,80,80,80,80,80,80,80,80,80,80,80,80,80,80,80,80,80,80,80,80,80,80,80,80,80,80,80,80,80,80,80,80,80,80,80,80,80,80,80,80,80,80,80,80,80,80,80,80,80,80,80,80,80,80,80,80,80,80,80,80,80,80,80,80,80,80,80,80,80,80,80,80,80,80,80,80,80,80,80,80,80,80,80,80,70.003,60.015,36.734,80,80,80,80,80
55.75,80,80,80,80,80,80,80,80,80,80,80,80,80,80,80,80,80,80,80,80,80,80,80,80,80,80,80,80,80,80,80,80,80,80,80,80,80,80,80,80,80,80,80,80,80,80,80,80,80,80,80,80,80,80,80,80,80,80,80,80,80,80,80,80,80,80,80,80,80,80,80,80,80,80,80,80,80,80,80,80,80,80,80,80,80,80,80,80,80,80,80,79.844,77.396,39.64,80,80,80,80,80
56,80,80,80,80,80,80,80,80,80,80,80,80,80,80,80,80,80,80,80,80,80,80,80,80,80,80,80,80,80,80,80,80,80,80,80,80,80,80,80,80,80,80,80,80,80,80,80,80,80,80,80,80,80,80,80,80,80,80,80,80,80,80,80,80,80,80,80,80,80,80,80,80,80,80,80,80,80,80,80,80,80,80,80,80,80,80,80,80,80,80,80,79.999,64.233,80,80,80,80,80,80
56.25,80,80,80,80,80,80,80,80,80,80,80,80,80,80,80,80,80,80,80,80,80,80,80,80,80,80,80,80,80,80,80,80,80,80,80,80,80,80,80,80,80,80,80,80,80,80,80,80,80,80,80,80,80,80,80,80,80,80,80,80,80,80,80,80,80,80,80,80,80,80,80,80,80,80,80,80,80,80,80,80,80,80,80,80,80,80,80,80,80,80,80,77.501,61.897,80,80,80,80,80,80
56.5,80,80,80,80,80,80,80,80,80,80,80,80,80,80,80,80,80,80,80,80,80,80,80,80,80,80,80,80,80,80,80,80,80,80,80,80,80,80,80,80,80,80,80,80,80,80,80,80,80,80,80,80,80,80,80,80,80,80,80,80,80,80,80,80,80,80,80,80,80,80,80,80,80,80,80,80,80,80,80,80,80,80,80,80,80,80,80,80,80,80,80,80,60.02,80,80,80,80,80,80
56.75,80,80,80,80,80,80,80,80,80,80,80,80,80,80,80,80,80,80,80,80,80,80,80,80,80,80,80,80,80,80,80,80,80,80,80,80,80,80,80,80,80,80,80,80,80,80,80,80,80,80,80,80,80,80,80,80,80,80,80,80,80,80,80,80,80,80,80,80,80,80,80,80,80,80,80,80,80,80,80,80,80,80,80,80,80,80,80,80,80,80,80,72.509,79.678,39.732,80,80,80,80,80
57,80,80,80,80,80,80,80,80,80,80,80,80,80,80,80,80,80,80,80,80,80,80,80,80,80,80,80,80,80,80,80,80,80,80,80,80,80,80,80,80,80,80,80,80,80,80,80,80,80,80,80,80,80,80,80,80,80,80,80,80,80,80,80,80,80,80,80,80,80,80,80,80,80,80,80,80,80,80,80,80,80,80,80,80,80,80,80,80,80,80,80,69.983,79.998,80,80,80,80,80,80
57.25,80,80,80,80,80,80,80,80,80,80,80,80,80,80,80,80,80,80,80,80,80,80,80,80,80,80,80,80,80,80,80,80,80,80,80,80,80,80,80,80,80,80,80,80,80,80,80,80,80,80,80,80,80,80,80,80,80,80,80,80,80,80,80,80,80,80,80,80,80,80,80,80,80,80,80,80,80,80,80,80,80,80,80,80,80,80,80,80,80,80,80,79.371,77.493,80,80,80,80,80,80
57.5,80,80,80,80,80,80,80,80,80,80,80,80,80,80,80,80,80,80,80,80,80,80,80,80,80,80,80,80,80,80,80,80,80,80,80,80,80,80,80,80,80,80,80,80,80,80,80,80,80,80,80,80,80,80,80,80,80,80,80,80,80,80,80,80,80,80,80,80,80,80,80,80,80,80,80,80,80,80,80,80,80,80,80,80,80,80,80,80,80,80,80,79.376,59.976,80,80,80,80,80,80
57.75,80,80,80,80,80,80,80,80,80,80,80,80,80,80,80,80,80,80,80,80,80,80,80,80,80,80,80,80,80,80,80,80,80,80,80,80,80,80,80,80,80,80,80,80,80,80,80,80,80,80,80,80,80,80,80,80,80,80,80,80,80,80,80,80,80,80,80,80,80,80,80,80,80,80,80,80,80,80,80,80,80,80,80,80,80,80,80,80,80,80,80,70.01,78.746,37.117,80,80,80,80,80
58,80,80,80,80,80,80,80,80,80,80,80,80,80,80,80,80,80,80,80,80,80,80,80,80,80,80,80,80,80,80,80,80,80,80,80,80,80,80,80,80,80,80,80,80,80,80,80,80,80,80,80,80,80,80,80,80,80,80,80,80,80,80,80,80,80,80,80,80,80,80,80,80,80,80,80,80,80,80,80,80,80,80,80,80,80,80,80,80,80,80,80,79.956,69.915,29.243,80,80,80,80,80
58.25,80,80,80,80,80,80,80,80,80,80,80,80,80,80,80,80,80,80,80,80,80,80,80,80,80,80,80,80,80,80,80,80,80,80,80,80,80,80,80,80,80,80,80,80,80,80,80,80,80,80,80,80,80,80,80,80,80,80,80,80,80,80,80,80,80,80,80,80,80,80,80,80,80,80,80,80,80,80,80,80,80,80,80,80,80,80,80,80,80,80,80,79.365,57.528,80,80,80,80,80,80
58.5,80,80,80,80,80,80,80,80,80,80,80,80,80,80,80,80,80,80,80,80,80,80,80,80,80,80,80,80,80,80,80,80,80,80,80,80,80,80,80,80,80,80,80,80,80,80,80,80,80,80,80,80,80,80,80,80,80,80,80,80,80,80,80,80,80,80,80,80,80,80,80,80,80,80,80,80,80,80,80,80,80,80,80,80,80,80,80,80,80,80,80,79.687,80,39.867,80,80,80,80,80
58.75,80,80,80,80,80,80,80,80,80,80,80,80,80,80,80,80,80,80,80,80,80,80,80,80,80,80,80,80,80,80,80,80,80,80,80,80,80,80,80,80,80,80,80,80,80,80,80,80,80,80,80,80,80,80,80,80,80,80,80,80,80,80,80,80,80,80,80,80,80,80,80,80,80,80,80,80,80,80,80,80,80,80,80,80,80,80,80,80,80,80,80,59.791,40.01,80,80,80,80,80,80
59,80,80,80,80,80,80,80,80,80,80,80,80,80,80,80,80,80,80,80,80,80,80,80,80,80,80,80,80,80,80,80,80,80,80,80,80,80,80,80,80,80,80,80,80,80,80,80,80,80,80,80,80,80,80,80,80,80,80,80,80,80,80,80,80,80,80,80,80,80,80,80,80,80,80,80,80,80,80,80,80,80,80,80,80,80,80,80,80,80,80,79.99,79.882,80,80,80,80,80,80,80
59.25,80,80,80,80,80,80,80,80,80,80,80,80,80,80,80,80,80,80,80,80,80,80,80,80,80,80,80,80,80,80,80,80,80,80,80,80,80,80,80,80,80,80,80,80,80,80,80,80,80,80,80,80,80,80,80,80,80,80,80,80,80,80,80,80,80,80,80,80,80,80,80,80,80,80,80,80,80,80,80,80,80,80,80,80,80,80,80,80,80,80,80,75.006,79.678,80,80,80,80,80,80
59.5,80,80,80,80,80,80,80,80,80,80,80,80,80,80,80,80,80,80,80,80,80,80,80,80,80,80,80,80,80,80,80,80,80,80,80,80,80,80,80,80,80,80,80,80,80,80,80,80,80,80,80,80,80,80,80,80,80,80,80,80,80,80,80,80,80,80,80,80,80,80,80,80,80,80,80,80,80,80,80,80,80,80,80,80,80,80,80,80,80,80,80,77.424,64.855,80,80,80,80,80,80
59.75,80,80,80,80,80,80,80,80,80,80,80,80,80,80,80,80,80,80,80,80,80,80,80,80,80,80,80,80,80,80,80,80,80,80,80,80,80,80,80,80,80,80,80,80,80,80,80,80,80,80,80,80,80,80,80,80,80,80,80,80,80,80,80,80,80,80,80,80,80,80,80,80,80,80,80,80,80,80,80,80,80,80,80,80,80,80,80,80,80,80,80,78.068,80,80,80,80,80,80,80
60,80,80,80,80,80,80,80,80,80,80,80,80,80,80,80,80,80,80,80,80,80,80,80,80,80,80,80,80,80,80,80,80,80,80,80,80,80,80,80,80,80,80,80,80,80,80,80,80,80,80,80,80,80,80,80,80,80,80,80,80,80,80,80,80,80,80,80,80,80,80,80,80,80,80,80,80,80,80,80,80,80,80,80,80,80,80,80,80,80,80,79.961,79.297,39.426,80,80,80,80,80,80
